Year,SiteCode_Plot,LineTransect,SiteCode_Plot_LineTransect,MetersAlongLine,AcceptedSpecies,Comment
2022,berg_B10,NS,berg_B10_NS,0L,Echium plantagineum,NA
2022,berg_B10,NS,berg_B10_NS,0R,Lolium perenne,NA
2022,berg_B10,NS,berg_B10_NS,1L,Echium plantagineum,NA
2022,berg_B10,NS,berg_B10_NS,1R,Echium plantagineum,NA
2022,berg_B10,NS,berg_B10_NS,2L,Lolium perenne,NA
2022,berg_B10,NS,berg_B10_NS,2R,Melinis repens,NA
2022,berg_B10,NS,berg_B10_NS,3L,Lolium perenne,NA
2022,berg_B10,NS,berg_B10_NS,3R,Lolium perenne,NA
2022,berg_B10,NS,berg_B10_NS,4L,Echium plantagineum,NA
2022,berg_B10,NS,berg_B10_NS,4R,Avena sativa,NA
2022,berg_B10,NS,berg_B10_NS,5L,Lolium perenne,NA
2022,berg_B10,NS,berg_B10_NS,5R,Echium plantagineum,NA
2022,berg_B10,NS,berg_B10_NS,6L,Avena sativa,NA
2022,berg_B10,NS,berg_B10_NS,6R,Lolium perenne,NA
2022,berg_B10,NS,berg_B10_NS,7L,Vicia hirsuta,NA
2022,berg_B10,NS,berg_B10_NS,7R,Melinis repens,NA
2022,berg_B10,NS,berg_B10_NS,8L,Lolium perenne,NA
2022,berg_B10,NS,berg_B10_NS,8R,Avena sativa,NA
2022,berg_B10,NS,berg_B10_NS,9L,Melinis repens,NA
2022,berg_B10,NS,berg_B10_NS,9R,Avena sativa,NA
2022,berg_B10,NS,berg_B10_NS,CL,Avena sativa,NA
2022,berg_B10,NS,berg_B10_NS,CR,Lolium perenne,NA
2022,berg_B10,WE,berg_B10_WE,0L,Echium plantagineum,NA
2022,berg_B10,WE,berg_B10_WE,0R,Dimorphotheca pluvialis,NA
2022,berg_B10,WE,berg_B10_WE,1L,Lolium perenne,NA
2022,berg_B10,WE,berg_B10_WE,1R,Lolium perenne,NA
2022,berg_B10,WE,berg_B10_WE,2L,Avena sativa,NA
2022,berg_B10,WE,berg_B10_WE,2R,Lolium perenne,NA
2022,berg_B10,WE,berg_B10_WE,3L,Melinis repens,NA
2022,berg_B10,WE,berg_B10_WE,3R,Lolium perenne,NA
2022,berg_B10,WE,berg_B10_WE,4L,Melinis repens,NA
2022,berg_B10,WE,berg_B10_WE,4R,Melinis repens,NA
2022,berg_B10,WE,berg_B10_WE,5L,Vicia hirsuta,NA
2022,berg_B10,WE,berg_B10_WE,5R,Vicia hirsuta,NA
2022,berg_B10,WE,berg_B10_WE,6L,Vicia hirsuta,NA
2022,berg_B10,WE,berg_B10_WE,6R,Lolium perenne,NA
2022,berg_B10,WE,berg_B10_WE,7L,Lolium perenne,NA
2022,berg_B10,WE,berg_B10_WE,7R,Lolium perenne,NA
2022,berg_B10,WE,berg_B10_WE,8L,Echium plantagineum,NA
2022,berg_B10,WE,berg_B10_WE,8R,Echium plantagineum,NA
2022,berg_B10,WE,berg_B10_WE,9L,Avena sativa,NA
2022,berg_B10,WE,berg_B10_WE,9R,Lolium perenne,NA
2022,berg_B11,NS,berg_B11_NS,0L,Fumaria muralis,NA
2022,berg_B11,NS,berg_B11_NS,0R,Fumaria muralis,NA
2022,berg_B11,NS,berg_B11_NS,1L,Bromus diandrus,NA
2022,berg_B11,NS,berg_B11_NS,1R,Searsia angustifolia,NA
2022,berg_B11,NS,berg_B11_NS,2L,Searsia angustifolia,NA
2022,berg_B11,NS,berg_B11_NS,2R,Ehrharta calycina,NA
2022,berg_B11,NS,berg_B11_NS,3L,Zantedeschia aethiopica,NA
2022,berg_B11,NS,berg_B11_NS,3R,Fumaria muralis,NA
2022,berg_B11,NS,berg_B11_NS,4L,Bromus diandrus,NA
2022,berg_B11,NS,berg_B11_NS,4R,Fumaria muralis,NA
2022,berg_B11,NS,berg_B11_NS,5L,Fumaria muralis,NA
2022,berg_B11,NS,berg_B11_NS,5R,Bromus diandrus,NA
2022,berg_B11,NS,berg_B11_NS,6L,Fumaria muralis,NA
2022,berg_B11,NS,berg_B11_NS,6R,Bromus diandrus,NA
2022,berg_B11,NS,berg_B11_NS,7L,Fumaria muralis,NA
2022,berg_B11,NS,berg_B11_NS,7R,Bromus diandrus,NA
2022,berg_B11,NS,berg_B11_NS,8L,Fumaria muralis,NA
2022,berg_B11,NS,berg_B11_NS,8R,Bromus diandrus,NA
2022,berg_B11,NS,berg_B11_NS,9L,Bromus diandrus,NA
2022,berg_B11,NS,berg_B11_NS,9R,Fumaria muralis,NA
2022,berg_B11,NS,berg_B11_NS,CL,Ehrharta calycina,NA
2022,berg_B11,NS,berg_B11_NS,CR,Ehrharta calycina,NA
2022,berg_B11,WE,berg_B11_WE,0L,Bromus diandrus,NA
2022,berg_B11,WE,berg_B11_WE,0R,Bromus diandrus,NA
2022,berg_B11,WE,berg_B11_WE,1L,Bromus diandrus,NA
2022,berg_B11,WE,berg_B11_WE,1R,Bromus diandrus,NA
2022,berg_B11,WE,berg_B11_WE,2L,Raphanus raphanistrum,NA
2022,berg_B11,WE,berg_B11_WE,2R,Raphanus raphanistrum,NA
2022,berg_B11,WE,berg_B11_WE,3L,Bromus diandrus,NA
2022,berg_B11,WE,berg_B11_WE,3R,Raphanus raphanistrum,NA
2022,berg_B11,WE,berg_B11_WE,4L,Raphanus raphanistrum,NA
2022,berg_B11,WE,berg_B11_WE,4R,Bromus diandrus,NA
2022,berg_B11,WE,berg_B11_WE,5L,Fumaria muralis,NA
2022,berg_B11,WE,berg_B11_WE,5R,Bromus diandrus,NA
2022,berg_B11,WE,berg_B11_WE,6L,Bromus diandrus,NA
2022,berg_B11,WE,berg_B11_WE,6R,Fumaria muralis,NA
2022,berg_B11,WE,berg_B11_WE,7L,Fumaria muralis,NA
2022,berg_B11,WE,berg_B11_WE,7R,Oxalis pes-caprae,NA
2022,berg_B11,WE,berg_B11_WE,8L,Fumaria muralis,NA
2022,berg_B11,WE,berg_B11_WE,8R,Fumaria muralis,NA
2022,berg_B11,WE,berg_B11_WE,9L,Acer negundo,NA
2022,berg_B11,WE,berg_B11_WE,9R,Bromus diandrus,NA
2022,berg_B12,NS,berg_B12_NS,0L,Senecio pterophorus,NA
2022,berg_B12,NS,berg_B12_NS,0R,Solanum nigrum,NA
2022,berg_B12,NS,berg_B12_NS,1L,Fumaria muralis,NA
2022,berg_B12,NS,berg_B12_NS,1R,Solanum nigrum,NA
2022,berg_B12,NS,berg_B12_NS,2L,Senecio pterophorus,NA
2022,berg_B12,NS,berg_B12_NS,2R,Senecio pterophorus,NA
2022,berg_B12,NS,berg_B12_NS,3L,NA,bare ground
2022,berg_B12,NS,berg_B12_NS,3R,Raphanus raphanistrum,NA
2022,berg_B12,NS,berg_B12_NS,4L,Ehrharta longiflora,NA
2022,berg_B12,NS,berg_B12_NS,4R,NA,bare ground
2022,berg_B12,NS,berg_B12_NS,5L,NA,bare sand
2022,berg_B12,NS,berg_B12_NS,5R,NA,bare sand
2022,berg_B12,NS,berg_B12_NS,6L,NA,bare sand
2022,berg_B12,NS,berg_B12_NS,6R,NA,bare sand
2022,berg_B12,NS,berg_B12_NS,7L,Solanum nigrum,NA
2022,berg_B12,NS,berg_B12_NS,7R,Silybum marianum,NA
2022,berg_B12,NS,berg_B12_NS,8L,Eucalyptus camaldulensis,NA
2022,berg_B12,NS,berg_B12_NS,8R,Silybum marianum,NA
2022,berg_B12,NS,berg_B12_NS,9L,NA,bare sand
2022,berg_B12,NS,berg_B12_NS,9R,Solanum nigrum,NA
2022,berg_B12,NS,berg_B12_NS,CL,Avena sativa,NA
2022,berg_B12,NS,berg_B12_NS,CR,Spergula arvensis,NA
2022,berg_B12,WE,berg_B12_WE,0L,Senecio pterophorus,NA
2022,berg_B12,WE,berg_B12_WE,0R,NA,bare sand
2022,berg_B12,WE,berg_B12_WE,1L,Solanum nigrum,NA
2022,berg_B12,WE,berg_B12_WE,1R,Raphanus raphanistrum,NA
2022,berg_B12,WE,berg_B12_WE,2L,Solanum nigrum,NA
2022,berg_B12,WE,berg_B12_WE,2R,Raphanus raphanistrum,NA
2022,berg_B12,WE,berg_B12_WE,3L,Avena sativa,NA
2022,berg_B12,WE,berg_B12_WE,3R,Senecio pterophorus,NA
2022,berg_B12,WE,berg_B12_WE,4L,Ehrharta longiflora,NA
2022,berg_B12,WE,berg_B12_WE,4R,NA,unknown grass
2022,berg_B12,WE,berg_B12_WE,5L,Eucalyptus camaldulensis,NA
2022,berg_B12,WE,berg_B12_WE,5R,Eucalyptus camaldulensis,NA
2022,berg_B12,WE,berg_B12_WE,6L,Ehrharta longiflora,NA
2022,berg_B12,WE,berg_B12_WE,6R,Chenopodium album,NA
2022,berg_B12,WE,berg_B12_WE,7L,Polygonum aviculare,NA
2022,berg_B12,WE,berg_B12_WE,7R,Spergula arvensis,NA
2022,berg_B12,WE,berg_B12_WE,8L,Solanum nigrum,NA
2022,berg_B12,WE,berg_B12_WE,8R,Chenopodium album,NA
2022,berg_B12,WE,berg_B12_WE,9L,Solanum nigrum,NA
2022,berg_B12,WE,berg_B12_WE,9R,Senecio pterophorus,NA
2022,berg_B13,NS,berg_B13_NS,0L,Tropaeolum majus,NA
2022,berg_B13,NS,berg_B13_NS,0R,Searsia lucida,NA
2022,berg_B13,NS,berg_B13_NS,1L,Tropaeolum majus,NA
2022,berg_B13,NS,berg_B13_NS,1R,Tropaeolum majus,NA
2022,berg_B13,NS,berg_B13_NS,2L,Tropaeolum majus,NA
2022,berg_B13,NS,berg_B13_NS,2R,Tropaeolum majus,NA
2022,berg_B13,NS,berg_B13_NS,3L,Tropaeolum majus,NA
2022,berg_B13,NS,berg_B13_NS,3R,Echium plantagineum,NA
2022,berg_B13,NS,berg_B13_NS,4L,Tropaeolum majus,NA
2022,berg_B13,NS,berg_B13_NS,4R,Tropaeolum majus,NA
2022,berg_B13,NS,berg_B13_NS,5L,Tropaeolum majus,NA
2022,berg_B13,NS,berg_B13_NS,5R,Tropaeolum majus,NA
2022,berg_B13,NS,berg_B13_NS,6L,Tropaeolum majus,NA
2022,berg_B13,NS,berg_B13_NS,6R,Tropaeolum majus,NA
2022,berg_B13,NS,berg_B13_NS,7L,Raphanus raphanistrum,NA
2022,berg_B13,NS,berg_B13_NS,7R,Tropaeolum majus,NA
2022,berg_B13,NS,berg_B13_NS,8L,Tropaeolum majus,NA
2022,berg_B13,NS,berg_B13_NS,8R,Tropaeolum majus,NA
2022,berg_B13,NS,berg_B13_NS,9L,Tropaeolum majus,NA
2022,berg_B13,NS,berg_B13_NS,9R,Tropaeolum majus,NA
2022,berg_B13,NS,berg_B13_NS,CL,Tropaeolum majus,NA
2022,berg_B13,NS,berg_B13_NS,CR,Tropaeolum majus,NA
2022,berg_B13,WE,berg_B13_WE,0L,Tropaeolum majus,NA
2022,berg_B13,WE,berg_B13_WE,0R,Tropaeolum majus,NA
2022,berg_B13,WE,berg_B13_WE,1L,Echium plantagineum,NA
2022,berg_B13,WE,berg_B13_WE,1R,Rumex crispus,NA
2022,berg_B13,WE,berg_B13_WE,2L,Senecio pterophorus,NA
2022,berg_B13,WE,berg_B13_WE,2R,Searsia undulata,NA
2022,berg_B13,WE,berg_B13_WE,3L,Tropaeolum majus,NA
2022,berg_B13,WE,berg_B13_WE,3R,Tropaeolum majus,NA
2022,berg_B13,WE,berg_B13_WE,4L,Tropaeolum majus,NA
2022,berg_B13,WE,berg_B13_WE,4R,Searsia undulata,NA
2022,berg_B13,WE,berg_B13_WE,5L,Tropaeolum majus,NA
2022,berg_B13,WE,berg_B13_WE,5R,Tropaeolum majus,NA
2022,berg_B13,WE,berg_B13_WE,6L,Tropaeolum majus,NA
2022,berg_B13,WE,berg_B13_WE,6R,Tropaeolum majus,NA
2022,berg_B13,WE,berg_B13_WE,7L,Pennisetum clandestinum,NA
2022,berg_B13,WE,berg_B13_WE,7R,Pennisetum clandestinum,NA
2022,berg_B13,WE,berg_B13_WE,8L,Pennisetum clandestinum,NA
2022,berg_B13,WE,berg_B13_WE,8R,Pennisetum clandestinum,NA
2022,berg_B13,WE,berg_B13_WE,9L,Lolium perenne,NA
2022,berg_B13,WE,berg_B13_WE,9R,Raphanus raphanistrum,NA
2022,berg_B14,NS,berg_B14_NS,0L,Poa annua,NA
2022,berg_B14,NS,berg_B14_NS,0R,Poa annua,NA
2022,berg_B14,NS,berg_B14_NS,10L,Echium plantagineum,NA
2022,berg_B14,NS,berg_B14_NS,10R,Lolium perenne,NA
2022,berg_B14,NS,berg_B14_NS,1L,Medicago rigidula,NA
2022,berg_B14,NS,berg_B14_NS,1R,Echium plantagineum,NA
2022,berg_B14,NS,berg_B14_NS,2L,Lolium perenne,NA
2022,berg_B14,NS,berg_B14_NS,2R,Medicago polymorpha,NA
2022,berg_B14,NS,berg_B14_NS,3L,Lolium perenne,NA
2022,berg_B14,NS,berg_B14_NS,3R,Echium plantagineum,NA
2022,berg_B14,NS,berg_B14_NS,4L,Ehrharta longiflora,NA
2022,berg_B14,NS,berg_B14_NS,4R,Echium plantagineum,NA
2022,berg_B14,NS,berg_B14_NS,5L,Bromus diandrus,NA
2022,berg_B14,NS,berg_B14_NS,5R,Echium plantagineum,NA
2022,berg_B14,NS,berg_B14_NS,6L,Echium plantagineum,NA
2022,berg_B14,NS,berg_B14_NS,6R,Echium plantagineum,NA
2022,berg_B14,NS,berg_B14_NS,7L,Medicago rigidula,NA
2022,berg_B14,NS,berg_B14_NS,7R,Bromus pectinatus,NA
2022,berg_B14,NS,berg_B14_NS,8L,Echium plantagineum,NA
2022,berg_B14,NS,berg_B14_NS,8R,Echium plantagineum,NA
2022,berg_B14,NS,berg_B14_NS,9L,Erodium moschatum,NA
2022,berg_B14,NS,berg_B14_NS,9R,Avena sativa,NA
2022,berg_B14,WE,berg_B14_WE,0L,Erodium moschatum,NA
2022,berg_B14,WE,berg_B14_WE,0R,Medicago polymorpha,NA
2022,berg_B14,WE,berg_B14_WE,10L,Echium plantagineum,NA
2022,berg_B14,WE,berg_B14_WE,10R,Ehrharta longiflora,NA
2022,berg_B14,WE,berg_B14_WE,1L,Ehrharta longiflora,NA
2022,berg_B14,WE,berg_B14_WE,1R,Ehrharta longiflora,NA
2022,berg_B14,WE,berg_B14_WE,2L,Echium plantagineum,NA
2022,berg_B14,WE,berg_B14_WE,2R,Medicago rigidula,NA
2022,berg_B14,WE,berg_B14_WE,3L,Lolium perenne,NA
2022,berg_B14,WE,berg_B14_WE,3R,Lolium perenne,NA
2022,berg_B14,WE,berg_B14_WE,4L,Erodium moschatum,NA
2022,berg_B14,WE,berg_B14_WE,4R,Erodium moschatum,NA
2022,berg_B14,WE,berg_B14_WE,6L,Echium plantagineum,NA
2022,berg_B14,WE,berg_B14_WE,6R,Ehrharta longiflora,NA
2022,berg_B14,WE,berg_B14_WE,7L,Bromus pectinatus,NA
2022,berg_B14,WE,berg_B14_WE,7R,Bromus pectinatus,NA
2022,berg_B14,WE,berg_B14_WE,8L,Bromus pectinatus,NA
2022,berg_B14,WE,berg_B14_WE,8R,Echium plantagineum,NA
2022,berg_B14,WE,berg_B14_WE,9L,Echium plantagineum,NA
2022,berg_B14,WE,berg_B14_WE,9R,Echium plantagineum,NA
2022,berg_B15,NS,berg_B15_NS,0L,NA,dead woody biomass
2022,berg_B15,NS,berg_B15_NS,0R,NA,dead woody biomass
2022,berg_B15,NS,berg_B15_NS,1L,NA,dead woody biomass
2022,berg_B15,NS,berg_B15_NS,1R,NA,dead woody biomass
2022,berg_B15,NS,berg_B15_NS,2L,NA,dead woody biomass
2022,berg_B15,NS,berg_B15_NS,2R,NA,dead woody biomass
2022,berg_B15,NS,berg_B15_NS,3L,Phragmites australis,dead
2022,berg_B15,NS,berg_B15_NS,3R,Phragmites australis,dead
2022,berg_B15,NS,berg_B15_NS,4L,Phragmites australis,dead
2022,berg_B15,NS,berg_B15_NS,4R,NA,dead woody biomass
2022,berg_B15,NS,berg_B15_NS,5L,NA,dead woody biomass
2022,berg_B15,NS,berg_B15_NS,5R,Phragmites australis,dead
2022,berg_B15,NS,berg_B15_NS,6L,Phragmites australis,NA
2022,berg_B15,NS,berg_B15_NS,6R,Phragmites australis,dead
2022,berg_B15,NS,berg_B15_NS,7L,Phragmites australis,dead
2022,berg_B15,NS,berg_B15_NS,7R,Phragmites australis,dead
2022,berg_B15,NS,berg_B15_NS,8L,Phragmites australis,NA
2022,berg_B15,NS,berg_B15_NS,8R,Phragmites australis,dead
2022,berg_B15,NS,berg_B15_NS,9L,NA,dead woody biomass
2022,berg_B15,NS,berg_B15_NS,9R,Phragmites australis,NA
2022,berg_B15,NS,berg_B15_NS,CL,Phragmites australis,NA
2022,berg_B15,NS,berg_B15_NS,CR,Phragmites australis,dead
2022,berg_B15,WE,berg_B15_WE,0L,Phragmites australis,dead
2022,berg_B15,WE,berg_B15_WE,0R,Phragmites australis,dead
2022,berg_B15,WE,berg_B15_WE,1L,Phragmites australis,dead
2022,berg_B15,WE,berg_B15_WE,1R,Phragmites australis,dead
2022,berg_B15,WE,berg_B15_WE,2L,Phragmites australis,dead
2022,berg_B15,WE,berg_B15_WE,2R,Phragmites australis,dead
2022,berg_B15,WE,berg_B15_WE,3L,Phragmites australis,dead
2022,berg_B15,WE,berg_B15_WE,3R,Phragmites australis,dead
2022,berg_B15,WE,berg_B15_WE,4L,Phragmites australis,dead
2022,berg_B15,WE,berg_B15_WE,4R,Phragmites australis,dead
2022,berg_B15,WE,berg_B15_WE,5L,NA,dead woody biomass
2022,berg_B15,WE,berg_B15_WE,5R,Phragmites australis,NA
2022,berg_B15,WE,berg_B15_WE,6L,Phragmites australis,NA
2022,berg_B15,WE,berg_B15_WE,6R,NA,dead woody biomass
2022,berg_B15,WE,berg_B15_WE,7L,Phragmites australis,NA
2022,berg_B15,WE,berg_B15_WE,7R,Phragmites australis,dead
2022,berg_B15,WE,berg_B15_WE,8L,Phragmites australis,NA
2022,berg_B15,WE,berg_B15_WE,8R,Phragmites australis,dead
2022,berg_B15,WE,berg_B15_WE,9L,Phragmites australis,dead
2022,berg_B15,WE,berg_B15_WE,9R,Phragmites australis,NA
2022,berg_B16,NS,berg_B16_NS,0L,Raphanus raphanistrum,NA
2022,berg_B16,NS,berg_B16_NS,0R,Raphanus raphanistrum,NA
2022,berg_B16,NS,berg_B16_NS,10L,NA,Dead woody Eucalyptus
2022,berg_B16,NS,berg_B16_NS,10R,NA,Dead woody Eucalyptus
2022,berg_B16,NS,berg_B16_NS,1L,Lolium perenne,NA
2022,berg_B16,NS,berg_B16_NS,1R,Lolium perenne,NA
2022,berg_B16,NS,berg_B16_NS,2L,Lolium perenne,NA
2022,berg_B16,NS,berg_B16_NS,2R,Raphanus raphanistrum,NA
2022,berg_B16,NS,berg_B16_NS,3L,Raphanus raphanistrum,NA
2022,berg_B16,NS,berg_B16_NS,3R,Raphanus raphanistrum,NA
2022,berg_B16,NS,berg_B16_NS,4L,Raphanus raphanistrum,NA
2022,berg_B16,NS,berg_B16_NS,4R,Raphanus raphanistrum,NA
2022,berg_B16,NS,berg_B16_NS,5L,Raphanus raphanistrum,NA
2022,berg_B16,NS,berg_B16_NS,5R,Lactuca serriola,NA
2022,berg_B16,NS,berg_B16_NS,6L,Raphanus raphanistrum,NA
2022,berg_B16,NS,berg_B16_NS,6R,Raphanus raphanistrum,NA
2022,berg_B16,NS,berg_B16_NS,7L,Lactuca serriola,NA
2022,berg_B16,NS,berg_B16_NS,7R,Raphanus raphanistrum,NA
2022,berg_B16,NS,berg_B16_NS,8L,Lolium perenne,NA
2022,berg_B16,NS,berg_B16_NS,8R,Lolium perenne,NA
2022,berg_B16,NS,berg_B16_NS,9L,Raphanus raphanistrum,NA
2022,berg_B16,NS,berg_B16_NS,9R,Lolium perenne,NA
2022,berg_B16,WE,berg_B16_WE,0L,Lolium perenne,NA
2022,berg_B16,WE,berg_B16_WE,0R,Vicia sativa,NA
2022,berg_B16,WE,berg_B16_WE,10L,NA,Dead Eucalyptus litter
2022,berg_B16,WE,berg_B16_WE,10R,NA,Dead Eucalyptus litter
2022,berg_B16,WE,berg_B16_WE,1L,Lolium perenne,NA
2022,berg_B16,WE,berg_B16_WE,1R,Lolium perenne,NA
2022,berg_B16,WE,berg_B16_WE,2L,Lolium perenne,NA
2022,berg_B16,WE,berg_B16_WE,2R,Paspalum dilatatum,NA
2022,berg_B16,WE,berg_B16_WE,3L,Lactuca serriola,NA
2022,berg_B16,WE,berg_B16_WE,3R,NA,dead grass
2022,berg_B16,WE,berg_B16_WE,4L,Raphanus raphanistrum,NA
2022,berg_B16,WE,berg_B16_WE,4R,Raphanus raphanistrum,NA
2022,berg_B16,WE,berg_B16_WE,6L,Raphanus raphanistrum,NA
2022,berg_B16,WE,berg_B16_WE,6R,Raphanus raphanistrum,NA
2022,berg_B16,WE,berg_B16_WE,7L,Lactuca serriola,NA
2022,berg_B16,WE,berg_B16_WE,7R,Raphanus raphanistrum,NA
2022,berg_B16,WE,berg_B16_WE,8L,NA,Dead Eucalyptus litter
2022,berg_B16,WE,berg_B16_WE,8R,Raphanus raphanistrum,NA
2022,berg_B16,WE,berg_B16_WE,9L,NA,dead Eucalyptus wood
2022,berg_B16,WE,berg_B16_WE,9R,NA,dead Eucalyptus wood
2022,berg_B17,NS,berg_B17_NS,0L,Melianthus major,NA
2022,berg_B17,NS,berg_B17_NS,0R,NA,bare litter
2022,berg_B17,NS,berg_B17_NS,1L,NA,bare litter
2022,berg_B17,NS,berg_B17_NS,1R,Cliffortia strobilifera,NA
2022,berg_B17,NS,berg_B17_NS,2L,NA,woody leaf debris
2022,berg_B17,NS,berg_B17_NS,2R,NA,bare litter
2022,berg_B17,NS,berg_B17_NS,3L,Zantedeschia aethiopica,NA
2022,berg_B17,NS,berg_B17_NS,3R,NA,bare litter
2022,berg_B17,NS,berg_B17_NS,4L,NA,Bare leaf litter
2022,berg_B17,NS,berg_B17_NS,4R,NA,bare litter
2022,berg_B17,NS,berg_B17_NS,5L,NA,bare ground
2022,berg_B17,NS,berg_B17_NS,5R,NA,bare ground
2022,berg_B17,NS,berg_B17_NS,6L,NA,bare ground
2022,berg_B17,NS,berg_B17_NS,6R,Cliffortia strobilifera,NA
2022,berg_B17,NS,berg_B17_NS,7L,Cliffortia strobilifera,NA
2022,berg_B17,NS,berg_B17_NS,7R,Scirpus sp.,NA
2022,berg_B17,NS,berg_B17_NS,8L,Cliffortia odorata,NA
2022,berg_B17,NS,berg_B17_NS,8R,Scirpus sp.,NA
2022,berg_B17,NS,berg_B17_NS,9L,Cliffortia odorata,NA
2022,berg_B17,NS,berg_B17_NS,9R,Cliffortia odorata,NA
2022,berg_B17,NS,berg_B17_NS,CL,NA,bare litter
2022,berg_B17,NS,berg_B17_NS,CR,NA,bare litter
2022,berg_B17,WE,berg_B17_WE,0L,NA,bare litter
2022,berg_B17,WE,berg_B17_WE,0R,Searsia laevigata,NA
2022,berg_B17,WE,berg_B17_WE,1L,Searsia laevigata,NA
2022,berg_B17,WE,berg_B17_WE,1R,NA,litter
2022,berg_B17,WE,berg_B17_WE,2L,Searsia laevigata,NA
2022,berg_B17,WE,berg_B17_WE,2R,NA,litter
2022,berg_B17,WE,berg_B17_WE,3L,Searsia laevigata,NA
2022,berg_B17,WE,berg_B17_WE,3R,Searsia laevigata,NA
2022,berg_B17,WE,berg_B17_WE,4L,NA,bare litter
2022,berg_B17,WE,berg_B17_WE,4R,Searsia laevigata,NA
2022,berg_B17,WE,berg_B17_WE,5L,NA,bare litter
2022,berg_B17,WE,berg_B17_WE,5R,NA,bare litter
2022,berg_B17,WE,berg_B17_WE,6L,NA,bare litter
2022,berg_B17,WE,berg_B17_WE,6R,NA,bare litter
2022,berg_B17,WE,berg_B17_WE,7L,NA,bare litter
2022,berg_B17,WE,berg_B17_WE,7R,Pennisetum macrourum,NA
2022,berg_B17,WE,berg_B17_WE,8L,NA,bare litter
2022,berg_B17,WE,berg_B17_WE,8R,NA,bare litter
2022,berg_B17,WE,berg_B17_WE,9L,Pennisetum macrourum,NA
2022,berg_B17,WE,berg_B17_WE,9R,Pennisetum macrourum,NA
2022,berg_B18,NS,berg_B18_NS,0L,Phragmites australis,dead
2022,berg_B18,NS,berg_B18_NS,0R,NA,bare earth
2022,berg_B18,NS,berg_B18_NS,1L,Phragmites australis,dead
2022,berg_B18,NS,berg_B18_NS,1R,NA,bare earth
2022,berg_B18,NS,berg_B18_NS,2L,Phragmites australis,dead
2022,berg_B18,NS,berg_B18_NS,2R,Phragmites australis,dead
2022,berg_B18,NS,berg_B18_NS,3L,Phragmites australis,dead
2022,berg_B18,NS,berg_B18_NS,3R,Phragmites australis,dead
2022,berg_B18,NS,berg_B18_NS,4L,Phragmites australis,NA
2022,berg_B18,NS,berg_B18_NS,4R,Phragmites australis,dead
2022,berg_B18,NS,berg_B18_NS,5L,Phragmites australis,dead
2022,berg_B18,NS,berg_B18_NS,5R,Phragmites australis,dead
2022,berg_B18,NS,berg_B18_NS,6L,Phragmites australis,dead
2022,berg_B18,NS,berg_B18_NS,6R,Phragmites australis,dead
2022,berg_B18,NS,berg_B18_NS,7L,Phragmites australis,dead
2022,berg_B18,NS,berg_B18_NS,7R,Phragmites australis,dead
2022,berg_B18,NS,berg_B18_NS,8L,NA,bare earth
2022,berg_B18,NS,berg_B18_NS,8R,NA,bare earth
2022,berg_B18,NS,berg_B18_NS,9L,Asparagus rubicundus,NA
2022,berg_B18,NS,berg_B18_NS,9R,Phragmites australis,NA
2022,berg_B18,NS,berg_B18_NS,CL,Phragmites australis,dead
2022,berg_B18,NS,berg_B18_NS,CR,Phragmites australis,dead
2022,berg_B18,WE,berg_B18_WE,0L,Phragmites australis,dead
2022,berg_B18,WE,berg_B18_WE,0R,Phragmites australis,dead
2022,berg_B18,WE,berg_B18_WE,1L,Phragmites australis,NA
2022,berg_B18,WE,berg_B18_WE,1R,Phragmites australis,dead
2022,berg_B18,WE,berg_B18_WE,2L,Phragmites australis,dead
2022,berg_B18,WE,berg_B18_WE,2R,Phragmites australis,dead
2022,berg_B18,WE,berg_B18_WE,3L,Phragmites australis,dead
2022,berg_B18,WE,berg_B18_WE,3R,Phragmites australis,dead
2022,berg_B18,WE,berg_B18_WE,4L,Phragmites australis,dead
2022,berg_B18,WE,berg_B18_WE,4R,Phragmites australis,dead
2022,berg_B18,WE,berg_B18_WE,5L,Phragmites australis,dead
2022,berg_B18,WE,berg_B18_WE,5R,Phragmites australis,dead
2022,berg_B18,WE,berg_B18_WE,6L,Phragmites australis,dead
2022,berg_B18,WE,berg_B18_WE,6R,Phragmites australis,dead
2022,berg_B18,WE,berg_B18_WE,7L,Phragmites australis,NA
2022,berg_B18,WE,berg_B18_WE,7R,Phragmites australis,NA
2022,berg_B18,WE,berg_B18_WE,8L,Phragmites australis,NA
2022,berg_B18,WE,berg_B18_WE,8R,Phragmites australis,NA
2022,berg_B18,WE,berg_B18_WE,9L,Carduus pycnocephalus,NA
2022,berg_B18,WE,berg_B18_WE,9R,Fumaria muralis,NA
2022,berg_B19,NS,berg_B19_NS,0L,Ehrharta calycina,NA
2022,berg_B19,NS,berg_B19_NS,0R,Oxalis incarnata,NA
2022,berg_B19,NS,berg_B19_NS,1L,Oncosiphon suffruticosus,NA
2022,berg_B19,NS,berg_B19_NS,1R,Oncosiphon suffruticosus,NA
2022,berg_B19,NS,berg_B19_NS,2L,NA,bare ground
2022,berg_B19,NS,berg_B19_NS,2R,Oncosiphon suffruticosus,NA
2022,berg_B19,NS,berg_B19_NS,3L,Arctotheca calendula,NA
2022,berg_B19,NS,berg_B19_NS,3R,Hypochaeris radicata,NA
2022,berg_B19,NS,berg_B19_NS,4L,Hypochaeris radicata,NA
2022,berg_B19,NS,berg_B19_NS,4R,Cynodon dactylon,NA
2022,berg_B19,NS,berg_B19_NS,5L,NA,NA
2022,berg_B19,NS,berg_B19_NS,5R,Arctotheca calendula,bare earth
2022,berg_B19,NS,berg_B19_NS,6L,Arctotheca calendula,NA
2022,berg_B19,NS,berg_B19_NS,6R,Arctotheca calendula,NA
2022,berg_B19,NS,berg_B19_NS,7L,Osteospermum calendulaceum,NA
2022,berg_B19,NS,berg_B19_NS,7R,NA,bare ground
2022,berg_B19,NS,berg_B19_NS,8L,Hypochaeris radicata,NA
2022,berg_B19,NS,berg_B19_NS,8R,Echium plantagineum,NA
2022,berg_B19,NS,berg_B19_NS,9L,Arctotheca calendula,NA
2022,berg_B19,NS,berg_B19_NS,9R,Echium plantagineum,NA
2022,berg_B19,NS,berg_B19_NS,CL,NA,Bare ground
2022,berg_B19,NS,berg_B19_NS,CR,Cynodon dactylon,NA
2022,berg_B19,WE,berg_B19_WE,0L,Cynodon dactylon,NA
2022,berg_B19,WE,berg_B19_WE,0R,Sagina sp.,NA
2022,berg_B19,WE,berg_B19_WE,1L,Cynodon dactylon,NA
2022,berg_B19,WE,berg_B19_WE,1R,Arctotheca calendula,NA
2022,berg_B19,WE,berg_B19_WE,2L,Arctotheca calendula,NA
2022,berg_B19,WE,berg_B19_WE,2R,Oncosiphon suffruticosus,NA
2022,berg_B19,WE,berg_B19_WE,3L,NA,bare ground
2022,berg_B19,WE,berg_B19_WE,3R,Elytropappus rhinocerotis,NA
2022,berg_B19,WE,berg_B19_WE,4L,Arctotheca calendula,NA
2022,berg_B19,WE,berg_B19_WE,4R,NA,bare ground
2022,berg_B19,WE,berg_B19_WE,5L,Arctotheca calendula,NA
2022,berg_B19,WE,berg_B19_WE,5R,Arctotheca calendula,NA
2022,berg_B19,WE,berg_B19_WE,6L,Spergula arvensis,NA
2022,berg_B19,WE,berg_B19_WE,6R,Arctotheca calendula,NA
2022,berg_B19,WE,berg_B19_WE,7L,Arctotheca calendula,NA
2022,berg_B19,WE,berg_B19_WE,7R,Arctotheca calendula,NA
2022,berg_B19,WE,berg_B19_WE,8L,Oncosiphon suffruticosus,NA
2022,berg_B19,WE,berg_B19_WE,8R,Hypochaeris radicata,NA
2022,berg_B19,WE,berg_B19_WE,9L,Oncosiphon suffruticosus,NA
2022,berg_B19,WE,berg_B19_WE,9R,Hypochaeris radicata,NA
2022,berg_B2,NS,berg_B2_NS,0L,Protea neriifolia,NA
2022,berg_B2,NS,berg_B2_NS,0R,Stoebe plumosa,NA
2022,berg_B2,NS,berg_B2_NS,1L,Protea neriifolia,NA
2022,berg_B2,NS,berg_B2_NS,1R,Rhodocoma sp.,NA
2022,berg_B2,NS,berg_B2_NS,2L,Rhodocoma sp.,NA
2022,berg_B2,NS,berg_B2_NS,2R,Stoebe plumosa,NA
2022,berg_B2,NS,berg_B2_NS,3L,Stoebe plumosa,NA
2022,berg_B2,NS,berg_B2_NS,3R,Stoebe plumosa,NA
2022,berg_B2,NS,berg_B2_NS,4L,Stoebe plumosa,NA
2022,berg_B2,NS,berg_B2_NS,4R,Stoebe plumosa,NA
2022,berg_B2,NS,berg_B2_NS,5L,Stoebe plumosa,NA
2022,berg_B2,NS,berg_B2_NS,5R,Ehrharta villosa,NA
2022,berg_B2,NS,berg_B2_NS,6L,Thesium strictum,NA
2022,berg_B2,NS,berg_B2_NS,6R,Capeochloa cincta,NA
2022,berg_B2,NS,berg_B2_NS,7L,Capeochloa cincta,NA
2022,berg_B2,NS,berg_B2_NS,7R,Capeochloa cincta,NA
2022,berg_B2,NS,berg_B2_NS,8L,Capeochloa cincta,NA
2022,berg_B2,NS,berg_B2_NS,8R,Capeochloa cincta,NA
2022,berg_B2,NS,berg_B2_NS,9L,Capeochloa cincta,NA
2022,berg_B2,NS,berg_B2_NS,9R,Pelargonium graveolens,NA
2022,berg_B2,NS,berg_B2_NS,CL,NA,unidentified
2022,berg_B2,NS,berg_B2_NS,CR,Ehrharta sp.,NA
2022,berg_B2,WE,berg_B2_WE,0L,Capeochloa cincta,NA
2022,berg_B2,WE,berg_B2_WE,0R,Capeochloa cincta,NA
2022,berg_B2,WE,berg_B2_WE,1L,Capeochloa cincta,NA
2022,berg_B2,WE,berg_B2_WE,1R,Capeochloa cincta,NA
2022,berg_B2,WE,berg_B2_WE,2L,Stoebe plumosa,NA
2022,berg_B2,WE,berg_B2_WE,2R,Stoebe plumosa,NA
2022,berg_B2,WE,berg_B2_WE,3L,Stoebe plumosa,NA
2022,berg_B2,WE,berg_B2_WE,3R,Senecio pterophorus,NA
2022,berg_B2,WE,berg_B2_WE,4L,Rhodocoma sp.,NA
2022,berg_B2,WE,berg_B2_WE,4R,Stoebe plumosa,NA
2022,berg_B2,WE,berg_B2_WE,5L,Stoebe plumosa,NA
2022,berg_B2,WE,berg_B2_WE,5R,Stoebe plumosa,NA
2022,berg_B2,WE,berg_B2_WE,6L,Stoebe plumosa,NA
2022,berg_B2,WE,berg_B2_WE,6R,Ehrharta calycina,NA
2022,berg_B2,WE,berg_B2_WE,7L,Stoebe plumosa,NA
2022,berg_B2,WE,berg_B2_WE,7R,Stoebe plumosa,NA
2022,berg_B2,WE,berg_B2_WE,8L,Stoebe plumosa,NA
2022,berg_B2,WE,berg_B2_WE,8R,Thesium strictum,NA
2022,berg_B2,WE,berg_B2_WE,9L,Stoebe plumosa,NA
2022,berg_B2,WE,berg_B2_WE,9R,Thesium strictum,NA
2022,berg_B20,NS,berg_B20_NS,0L,Lolium perenne,NA
2022,berg_B20,NS,berg_B20_NS,0R,Lolium perenne,NA
2022,berg_B20,NS,berg_B20_NS,1L,Lolium perenne,NA
2022,berg_B20,NS,berg_B20_NS,1R,Lolium perenne,NA
2022,berg_B20,NS,berg_B20_NS,2L,Lolium perenne,NA
2022,berg_B20,NS,berg_B20_NS,2R,Lolium perenne,NA
2022,berg_B20,NS,berg_B20_NS,3L,Lolium perenne,NA
2022,berg_B20,NS,berg_B20_NS,3R,Lolium perenne,NA
2022,berg_B20,NS,berg_B20_NS,4L,Lolium perenne,NA
2022,berg_B20,NS,berg_B20_NS,4R,Lolium perenne,NA
2022,berg_B20,NS,berg_B20_NS,5L,Lolium perenne,NA
2022,berg_B20,NS,berg_B20_NS,5R,Lolium perenne,NA
2022,berg_B20,NS,berg_B20_NS,6L,Lolium perenne,NA
2022,berg_B20,NS,berg_B20_NS,6R,Lolium perenne,NA
2022,berg_B20,NS,berg_B20_NS,7L,Lolium perenne,NA
2022,berg_B20,NS,berg_B20_NS,7R,Lolium perenne,NA
2022,berg_B20,NS,berg_B20_NS,8L,Lolium perenne,NA
2022,berg_B20,NS,berg_B20_NS,8R,Lolium perenne,NA
2022,berg_B20,NS,berg_B20_NS,9L,Lolium perenne,NA
2022,berg_B20,NS,berg_B20_NS,9R,Lolium perenne,NA
2022,berg_B20,NS,berg_B20_NS,CL,Lolium perenne,NA
2022,berg_B20,NS,berg_B20_NS,CR,Lolium perenne,NA
2022,berg_B20,WE,berg_B20_WE,0L,Lolium perenne,NA
2022,berg_B20,WE,berg_B20_WE,0R,Cynodon dactylon,NA
2022,berg_B20,WE,berg_B20_WE,1L,Cynodon dactylon,NA
2022,berg_B20,WE,berg_B20_WE,1R,Cynodon dactylon,NA
2022,berg_B20,WE,berg_B20_WE,2L,Cynodon dactylon,NA
2022,berg_B20,WE,berg_B20_WE,2R,Sonchus oleraceus,NA
2022,berg_B20,WE,berg_B20_WE,3L,Lolium perenne,NA
2022,berg_B20,WE,berg_B20_WE,3R,Lolium perenne,NA
2022,berg_B20,WE,berg_B20_WE,4L,Lolium perenne,NA
2022,berg_B20,WE,berg_B20_WE,4R,Lolium perenne,NA
2022,berg_B20,WE,berg_B20_WE,5L,Lolium perenne,NA
2022,berg_B20,WE,berg_B20_WE,5R,Lolium perenne,NA
2022,berg_B20,WE,berg_B20_WE,6L,Lolium perenne,NA
2022,berg_B20,WE,berg_B20_WE,6R,Lolium perenne,NA
2022,berg_B20,WE,berg_B20_WE,7L,Lolium perenne,NA
2022,berg_B20,WE,berg_B20_WE,7R,Lolium perenne,NA
2022,berg_B20,WE,berg_B20_WE,8L,Lolium perenne,NA
2022,berg_B20,WE,berg_B20_WE,8R,Lolium perenne,NA
2022,berg_B20,WE,berg_B20_WE,9L,Lolium perenne,NA
2022,berg_B20,WE,berg_B20_WE,9R,Lolium perenne,NA
2022,berg_B21,NS,berg_B21_NS,0L,Arctotis hirsuta,NA
2022,berg_B21,NS,berg_B21_NS,0R,Cynodon dactylon,NA
2022,berg_B21,NS,berg_B21_NS,1L,Cynodon dactylon,NA
2022,berg_B21,NS,berg_B21_NS,1R,Cynodon dactylon,NA
2022,berg_B21,NS,berg_B21_NS,2L,Senecio cardaminifolius,NA
2022,berg_B21,NS,berg_B21_NS,2R,Cynodon dactylon,NA
2022,berg_B21,NS,berg_B21_NS,3L,Cynodon dactylon,NA
2022,berg_B21,NS,berg_B21_NS,3R,Erodium moschatum,NA
2022,berg_B21,NS,berg_B21_NS,4L,Cynodon dactylon,NA
2022,berg_B21,NS,berg_B21_NS,4R,Cynodon dactylon,NA
2022,berg_B21,NS,berg_B21_NS,5L,Oncosiphon suffruticosus,NA
2022,berg_B21,NS,berg_B21_NS,5R,Cynodon dactylon,NA
2022,berg_B21,NS,berg_B21_NS,6L,Erodium moschatum,NA
2022,berg_B21,NS,berg_B21_NS,6R,Senecio cardaminifolius,NA
2022,berg_B21,NS,berg_B21_NS,7L,Senecio cardaminifolius,NA
2022,berg_B21,NS,berg_B21_NS,7R,Arctotis hirsuta,NA
2022,berg_B21,NS,berg_B21_NS,8L,Arctotis hirsuta,NA
2022,berg_B21,NS,berg_B21_NS,8R,Oncosiphon suffruticosus,NA
2022,berg_B21,NS,berg_B21_NS,9L,NA,bare ground
2022,berg_B21,NS,berg_B21_NS,9R,Cynodon dactylon,NA
2022,berg_B21,NS,berg_B21_NS,CL,Cynodon dactylon,NA
2022,berg_B21,NS,berg_B21_NS,CR,Cynodon dactylon,NA
2022,berg_B21,WE,berg_B21_WE,0L,Senecio cardaminifolius,NA
2022,berg_B21,WE,berg_B21_WE,0R,Sonchus oleraceus,NA
2022,berg_B21,WE,berg_B21_WE,1L,Senecio cardaminifolius,NA
2022,berg_B21,WE,berg_B21_WE,1R,Senecio cardaminifolius,NA
2022,berg_B21,WE,berg_B21_WE,2L,Senecio cardaminifolius,NA
2022,berg_B21,WE,berg_B21_WE,2R,Senecio cardaminifolius,NA
2022,berg_B21,WE,berg_B21_WE,3L,Arctotis hirsuta,NA
2022,berg_B21,WE,berg_B21_WE,3R,Senecio cardaminifolius,NA
2022,berg_B21,WE,berg_B21_WE,4L,Senecio cardaminifolius,NA
2022,berg_B21,WE,berg_B21_WE,4R,Cynodon dactylon,NA
2022,berg_B21,WE,berg_B21_WE,5L,Cynodon dactylon,NA
2022,berg_B21,WE,berg_B21_WE,5R,Senecio cardaminifolius,NA
2022,berg_B21,WE,berg_B21_WE,6L,NA,bare ground
2022,berg_B21,WE,berg_B21_WE,6R,Arctotis hirsuta,NA
2022,berg_B21,WE,berg_B21_WE,7L,Cynodon dactylon,NA
2022,berg_B21,WE,berg_B21_WE,7R,Cynodon dactylon,NA
2022,berg_B21,WE,berg_B21_WE,8L,Cynodon dactylon,NA
2022,berg_B21,WE,berg_B21_WE,8R,Cynodon dactylon,NA
2022,berg_B21,WE,berg_B21_WE,9L,Avena sativa,NA
2022,berg_B21,WE,berg_B21_WE,9R,Avena sativa,NA
2022,berg_B22,NS,berg_B22_NS,0L,Galenia africana,NA
2022,berg_B22,NS,berg_B22_NS,0R,Galenia africana,NA
2022,berg_B22,NS,berg_B22_NS,1L,Galenia africana,NA
2022,berg_B22,NS,berg_B22_NS,1R,Ehrharta longiflora,NA
2022,berg_B22,NS,berg_B22_NS,2L,Bromus sp.,NA
2022,berg_B22,NS,berg_B22_NS,2R,Bromus sp.,NA
2022,berg_B22,NS,berg_B22_NS,3L,Ehrharta calycina,NA
2022,berg_B22,NS,berg_B22_NS,3R,NA,bare ground
2022,berg_B22,NS,berg_B22_NS,4L,Ehrharta longiflora,NA
2022,berg_B22,NS,berg_B22_NS,4R,Ehrharta calycina,NA
2022,berg_B22,NS,berg_B22_NS,5L,Dischisma ciliatum,NA
2022,berg_B22,NS,berg_B22_NS,5R,Lolium perenne,NA
2022,berg_B22,NS,berg_B22_NS,6L,Dischisma ciliatum,NA
2022,berg_B22,NS,berg_B22_NS,6R,Bromus sp.,NA
2022,berg_B22,NS,berg_B22_NS,7L,NA,bare ground
2022,berg_B22,NS,berg_B22_NS,7R,Ehrharta longiflora,NA
2022,berg_B22,NS,berg_B22_NS,8L,Lolium perenne,NA
2022,berg_B22,NS,berg_B22_NS,8R,Ehrharta calycina,NA
2022,berg_B22,NS,berg_B22_NS,9L,NA,bare ground
2022,berg_B22,NS,berg_B22_NS,9R,Ehrharta calycina,NA
2022,berg_B22,NS,berg_B22_NS,CL,Dischisma ciliatum,NA
2022,berg_B22,NS,berg_B22_NS,CR,Dischisma ciliatum,NA
2022,berg_B22,WE,berg_B22_WE,0L,Oxalis pes-caprae,NA
2022,berg_B22,WE,berg_B22_WE,0R,Ehrharta calycina,NA
2022,berg_B22,WE,berg_B22_WE,1L,Setaria verticillata,NA
2022,berg_B22,WE,berg_B22_WE,1R,Ehrharta calycina,NA
2022,berg_B22,WE,berg_B22_WE,2L,Taraxacum officinale,NA
2022,berg_B22,WE,berg_B22_WE,2R,Setaria verticillata,NA
2022,berg_B22,WE,berg_B22_WE,3L,Bromus sp.,NA
2022,berg_B22,WE,berg_B22_WE,3R,Lolium perenne,NA
2022,berg_B22,WE,berg_B22_WE,4L,Dischisma ciliatum,NA
2022,berg_B22,WE,berg_B22_WE,4R,NA,bare ground
2022,berg_B22,WE,berg_B22_WE,5L,Lolium perenne,NA
2022,berg_B22,WE,berg_B22_WE,5R,Lolium perenne,NA
2022,berg_B22,WE,berg_B22_WE,6L,Ehrharta calycina,NA
2022,berg_B22,WE,berg_B22_WE,6R,Bromus sp.,NA
2022,berg_B22,WE,berg_B22_WE,7L,Stellaria media,NA
2022,berg_B22,WE,berg_B22_WE,7R,Ehrharta calycina,NA
2022,berg_B22,WE,berg_B22_WE,8L,Ursinia nana,NA
2022,berg_B22,WE,berg_B22_WE,8R,Ehrharta calycina,NA
2022,berg_B22,WE,berg_B22_WE,9L,NA,bare ground
2022,berg_B22,WE,berg_B22_WE,9R,Ehrharta longiflora,NA
2022,berg_B23,NS,berg_B23_NS,0L,Bromus diandrus,NA
2022,berg_B23,NS,berg_B23_NS,0R,Bromus diandrus,NA
2022,berg_B23,NS,berg_B23_NS,1L,Vicia sativa,NA
2022,berg_B23,NS,berg_B23_NS,1R,Bromus diandrus,NA
2022,berg_B23,NS,berg_B23_NS,2L,Setaria verticillata,NA
2022,berg_B23,NS,berg_B23_NS,2R,Bromus diandrus,NA
2022,berg_B23,NS,berg_B23_NS,3L,NA,bare ground
2022,berg_B23,NS,berg_B23_NS,3R,Ehrharta calycina,NA
2022,berg_B23,NS,berg_B23_NS,4L,Ehrharta calycina,NA
2022,berg_B23,NS,berg_B23_NS,4R,Ehrharta calycina,NA
2022,berg_B23,NS,berg_B23_NS,5L,NA,bare ground
2022,berg_B23,NS,berg_B23_NS,5R,Cotula turbinata,NA
2022,berg_B23,NS,berg_B23_NS,6L,Vicia sativa,NA
2022,berg_B23,NS,berg_B23_NS,6R,Vicia sativa,NA
2022,berg_B23,NS,berg_B23_NS,7L,Arctotheca calendula,NA
2022,berg_B23,NS,berg_B23_NS,7R,Bromus diandrus,NA
2022,berg_B23,NS,berg_B23_NS,8L,Bromus diandrus,NA
2022,berg_B23,NS,berg_B23_NS,8R,Bromus diandrus,NA
2022,berg_B23,NS,berg_B23_NS,9L,Lolium perenne,NA
2022,berg_B23,NS,berg_B23_NS,9R,Lolium perenne,NA
2022,berg_B23,NS,berg_B23_NS,CL,Vicia sativa,NA
2022,berg_B23,NS,berg_B23_NS,CR,Chenopodium album,NA
2022,berg_B23,WE,berg_B23_WE,0L,Lolium perenne,NA
2022,berg_B23,WE,berg_B23_WE,0R,Lolium perenne,NA
2022,berg_B23,WE,berg_B23_WE,1L,Bromus diandrus,NA
2022,berg_B23,WE,berg_B23_WE,1R,Lolium perenne,NA
2022,berg_B23,WE,berg_B23_WE,2L,Bromus diandrus,NA
2022,berg_B23,WE,berg_B23_WE,2R,Lolium perenne,NA
2022,berg_B23,WE,berg_B23_WE,3L,Vicia sativa,NA
2022,berg_B23,WE,berg_B23_WE,3R,Vicia sativa,NA
2022,berg_B23,WE,berg_B23_WE,4L,Oncosiphon suffruticosus,NA
2022,berg_B23,WE,berg_B23_WE,4R,Vicia sativa,NA
2022,berg_B23,WE,berg_B23_WE,5L,Bromus diandrus,NA
2022,berg_B23,WE,berg_B23_WE,5R,Chenopodium album,NA
2022,berg_B23,WE,berg_B23_WE,6L,Lolium perenne,NA
2022,berg_B23,WE,berg_B23_WE,6R,Arctotheca calendula,NA
2022,berg_B23,WE,berg_B23_WE,7L,NA,bare ground
2022,berg_B23,WE,berg_B23_WE,7R,NA,bare ground
2022,berg_B23,WE,berg_B23_WE,8L,Lolium perenne,NA
2022,berg_B23,WE,berg_B23_WE,8R,NA,bare ground
2022,berg_B23,WE,berg_B23_WE,9L,Vicia sativa,NA
2022,berg_B23,WE,berg_B23_WE,9R,Oncosiphon suffruticosus,NA
2022,berg_B24,NS,berg_B24_NS,0L,Carthamus lanatus,NA
2022,berg_B24,NS,berg_B24_NS,0R,Carthamus lanatus,NA
2022,berg_B24,NS,berg_B24_NS,1L,Carthamus lanatus,NA
2022,berg_B24,NS,berg_B24_NS,1R,Carthamus lanatus,NA
2022,berg_B24,NS,berg_B24_NS,2L,Ehrharta calycina,NA
2022,berg_B24,NS,berg_B24_NS,2R,Avena sativa,NA
2022,berg_B24,NS,berg_B24_NS,3L,Avena sativa,NA
2022,berg_B24,NS,berg_B24_NS,3R,Oxalis pes-caprae,NA
2022,berg_B24,NS,berg_B24_NS,4L,Lolium perenne,NA
2022,berg_B24,NS,berg_B24_NS,4R,Lolium perenne,NA
2022,berg_B24,NS,berg_B24_NS,5L,Lolium perenne,NA
2022,berg_B24,NS,berg_B24_NS,5R,Oncosiphon suffruticosus,NA
2022,berg_B24,NS,berg_B24_NS,6L,Oncosiphon suffruticosus,NA
2022,berg_B24,NS,berg_B24_NS,6R,Oncosiphon suffruticosus,NA
2022,berg_B24,NS,berg_B24_NS,7L,Oncosiphon suffruticosus,NA
2022,berg_B24,NS,berg_B24_NS,7R,Oncosiphon suffruticosus,NA
2022,berg_B24,NS,berg_B24_NS,8L,Avena sativa,NA
2022,berg_B24,NS,berg_B24_NS,8R,Oncosiphon suffruticosus,NA
2022,berg_B24,NS,berg_B24_NS,9L,Lolium perenne,NA
2022,berg_B24,NS,berg_B24_NS,9R,Phragmites australis,NA
2022,berg_B24,NS,berg_B24_NS,CL,Oncosiphon suffruticosus,NA
2022,berg_B24,NS,berg_B24_NS,CR,Oncosiphon suffruticosus,NA
2022,berg_B24,WE,berg_B24_WE,0L,Cotula coronopifolia,NA
2022,berg_B24,WE,berg_B24_WE,0R,NA,bare ground
2022,berg_B24,WE,berg_B24_WE,1L,Cotula coronopifolia,NA
2022,berg_B24,WE,berg_B24_WE,1R,Phragmites australis,NA
2022,berg_B24,WE,berg_B24_WE,2L,Cotula coronopifolia,NA
2022,berg_B24,WE,berg_B24_WE,2R,NA,bare ground
2022,berg_B24,WE,berg_B24_WE,3L,Oncosiphon suffruticosus,NA
2022,berg_B24,WE,berg_B24_WE,3R,Oncosiphon suffruticosus,NA
2022,berg_B24,WE,berg_B24_WE,4L,Chenopodium album,NA
2022,berg_B24,WE,berg_B24_WE,4R,Chenopodium album,NA
2022,berg_B24,WE,berg_B24_WE,5L,Oncosiphon suffruticosus,NA
2022,berg_B24,WE,berg_B24_WE,5R,Oncosiphon suffruticosus,NA
2022,berg_B24,WE,berg_B24_WE,6L,Ehrharta calycina,NA
2022,berg_B24,WE,berg_B24_WE,6R,Avena sativa,NA
2022,berg_B24,WE,berg_B24_WE,7L,Cynodon dactylon,NA
2022,berg_B24,WE,berg_B24_WE,7R,Avena sativa,NA
2022,berg_B24,WE,berg_B24_WE,8L,NA,bare ground
2022,berg_B24,WE,berg_B24_WE,8R,Senecio cardaminifolius,NA
2022,berg_B24,WE,berg_B24_WE,9L,Senecio cardaminifolius,NA
2022,berg_B24,WE,berg_B24_WE,9R,Senecio cardaminifolius,NA
2022,berg_B25,NS,berg_B25_NS,0L,Lolium perenne,NA
2022,berg_B25,NS,berg_B25_NS,0R,Oxalis pes-caprae,NA
2022,berg_B25,NS,berg_B25_NS,1L,Lolium perenne,NA
2022,berg_B25,NS,berg_B25_NS,1R,Lolium perenne,NA
2022,berg_B25,NS,berg_B25_NS,2L,Cotula coronopifolia,NA
2022,berg_B25,NS,berg_B25_NS,2R,Lolium perenne,NA
2022,berg_B25,NS,berg_B25_NS,3L,Cotula coronopifolia,NA
2022,berg_B25,NS,berg_B25_NS,3R,NA,bare rock
2022,berg_B25,NS,berg_B25_NS,4L,NA,bare rock
2022,berg_B25,NS,berg_B25_NS,4R,NA,bare rock
2022,berg_B25,NS,berg_B25_NS,5L,NA,bare rock
2022,berg_B25,NS,berg_B25_NS,5R,Cotula coronopifolia,NA
2022,berg_B25,NS,berg_B25_NS,6L,NA,bare rock
2022,berg_B25,NS,berg_B25_NS,6R,Cotula coronopifolia,NA
2022,berg_B25,NS,berg_B25_NS,7L,Lolium perenne,NA
2022,berg_B25,NS,berg_B25_NS,7R,Medicago polymorpha,NA
2022,berg_B25,NS,berg_B25_NS,8L,Sporobolus africanus,synonym of S. aff. capensis
2022,berg_B25,NS,berg_B25_NS,8R,NA,bare rock
2022,berg_B25,NS,berg_B25_NS,9L,Juncus kraussii,NA
2022,berg_B25,NS,berg_B25_NS,9R,Juncus kraussii,NA
2022,berg_B25,NS,berg_B25_NS,CL,Cotula coronopifolia,NA
2022,berg_B25,NS,berg_B25_NS,CR,Lolium perenne,NA
2022,berg_B25,WE,berg_B25_WE,0L,Senecio pterophorus,NA
2022,berg_B25,WE,berg_B25_WE,0R,Senecio pterophorus,NA
2022,berg_B25,WE,berg_B25_WE,1L,Lolium perenne,NA
2022,berg_B25,WE,berg_B25_WE,1R,Lolium perenne,NA
2022,berg_B25,WE,berg_B25_WE,2L,Lolium perenne,NA
2022,berg_B25,WE,berg_B25_WE,2R,Ehrharta calycina,NA
2022,berg_B25,WE,berg_B25_WE,3L,Lolium perenne,NA
2022,berg_B25,WE,berg_B25_WE,3R,Lolium perenne,NA
2022,berg_B25,WE,berg_B25_WE,4L,Cotula coronopifolia,NA
2022,berg_B25,WE,berg_B25_WE,4R,Lolium perenne,NA
2022,berg_B25,WE,berg_B25_WE,5L,NA,bare rock
2022,berg_B25,WE,berg_B25_WE,5R,NA,bare rock
2022,berg_B25,WE,berg_B25_WE,6L,Cotula coronopifolia,NA
2022,berg_B25,WE,berg_B25_WE,6R,Cotula coronopifolia,NA
2022,berg_B25,WE,berg_B25_WE,7L,NA,bare rock
2022,berg_B25,WE,berg_B25_WE,7R,NA,bare rock
2022,berg_B25,WE,berg_B25_WE,8L,NA,bare rock
2022,berg_B25,WE,berg_B25_WE,8R,NA,bare rock
2022,berg_B25,WE,berg_B25_WE,9L,Leptochloa fusca,Synonym of Diplachne fusca
2022,berg_B25,WE,berg_B25_WE,9R,Cotula coronopifolia,NA
2022,berg_B26,NS,berg_B26_NS,0L,Lactuca serriola,NA
2022,berg_B26,NS,berg_B26_NS,0R,Pennisetum clandestinum,NA
2022,berg_B26,NS,berg_B26_NS,1L,Lactuca serriola,NA
2022,berg_B26,NS,berg_B26_NS,1R,Pennisetum clandestinum,NA
2022,berg_B26,NS,berg_B26_NS,2L,Pennisetum clandestinum,NA
2022,berg_B26,NS,berg_B26_NS,2R,Pennisetum clandestinum,NA
2022,berg_B26,NS,berg_B26_NS,3L,Pennisetum clandestinum,NA
2022,berg_B26,NS,berg_B26_NS,3R,Rumex crispus,NA
2022,berg_B26,NS,berg_B26_NS,4L,Pennisetum clandestinum,NA
2022,berg_B26,NS,berg_B26_NS,4R,Phragmites australis,NA
2022,berg_B26,NS,berg_B26_NS,5L,Phragmites australis,NA
2022,berg_B26,NS,berg_B26_NS,5R,Pennisetum clandestinum,NA
2022,berg_B26,NS,berg_B26_NS,6L,NA,bare ground
2022,berg_B26,NS,berg_B26_NS,6R,Lactuca serriola,NA
2022,berg_B26,NS,berg_B26_NS,7L,Phragmites australis,burnt
2022,berg_B26,NS,berg_B26_NS,7R,NA,bare ashy ground
2022,berg_B26,NS,berg_B26_NS,8L,Phragmites australis,burnt
2022,berg_B26,NS,berg_B26_NS,8R,NA,bare ashy ground
2022,berg_B26,NS,berg_B26_NS,9L,Phragmites australis,burnt
2022,berg_B26,NS,berg_B26_NS,9R,NA,bare ashy ground
2022,berg_B26,NS,berg_B26_NS,CL,Pennisetum clandestinum,NA
2022,berg_B26,NS,berg_B26_NS,CR,Pennisetum clandestinum,NA
2022,berg_B26,WE,berg_B26_WE,0L,Pennisetum clandestinum,burnt
2022,berg_B26,WE,berg_B26_WE,0R,Pennisetum clandestinum,burnt
2022,berg_B26,WE,berg_B26_WE,1L,Pennisetum clandestinum,burnt
2022,berg_B26,WE,berg_B26_WE,1R,Pennisetum clandestinum,burnt
2022,berg_B26,WE,berg_B26_WE,2L,Pennisetum clandestinum,burnt
2022,berg_B26,WE,berg_B26_WE,2R,Pennisetum clandestinum,burnt
2022,berg_B26,WE,berg_B26_WE,3L,Pennisetum clandestinum,burnt
2022,berg_B26,WE,berg_B26_WE,3R,Pennisetum clandestinum,burnt
2022,berg_B26,WE,berg_B26_WE,4L,Pennisetum clandestinum,burnt
2022,berg_B26,WE,berg_B26_WE,4R,Phragmites australis,burnt
2022,berg_B26,WE,berg_B26_WE,5L,Lactuca serriola,NA
2022,berg_B26,WE,berg_B26_WE,5R,Lactuca serriola,NA
2022,berg_B26,WE,berg_B26_WE,6L,Lactuca serriola,NA
2022,berg_B26,WE,berg_B26_WE,6R,Lactuca serriola,NA
2022,berg_B26,WE,berg_B26_WE,7L,Phragmites australis,NA
2022,berg_B26,WE,berg_B26_WE,7R,Lactuca serriola,NA
2022,berg_B26,WE,berg_B26_WE,8L,Lactuca serriola,NA
2022,berg_B26,WE,berg_B26_WE,8R,Lolium perenne,NA
2022,berg_B26,WE,berg_B26_WE,9L,Lolium perenne,NA
2022,berg_B26,WE,berg_B26_WE,9R,Medicago polymorpha,NA
2022,berg_B27,NS,berg_B27_NS,0L,NA,bare ground
2022,berg_B27,NS,berg_B27_NS,0R,Cotula turbinata,NA
2022,berg_B27,NS,berg_B27_NS,1L,NA,Sonchus/Lactuca
2022,berg_B27,NS,berg_B27_NS,1R,Cotula turbinata,NA
2022,berg_B27,NS,berg_B27_NS,2L,Cotula turbinata,NA
2022,berg_B27,NS,berg_B27_NS,2R,Erodium moschatum,NA
2022,berg_B27,NS,berg_B27_NS,3L,Erodium moschatum,NA
2022,berg_B27,NS,berg_B27_NS,3R,Cotula turbinata,NA
2022,berg_B27,NS,berg_B27_NS,4L,Erodium moschatum,NA
2022,berg_B27,NS,berg_B27_NS,4R,Cotula turbinata,NA
2022,berg_B27,NS,berg_B27_NS,5L,Cotula turbinata,NA
2022,berg_B27,NS,berg_B27_NS,5R,Poa annua,NA
2022,berg_B27,NS,berg_B27_NS,6L,Cotula turbinata,NA
2022,berg_B27,NS,berg_B27_NS,6R,Cotula turbinata,NA
2022,berg_B27,NS,berg_B27_NS,7L,NA,bare ground
2022,berg_B27,NS,berg_B27_NS,7R,Cotula turbinata,NA
2022,berg_B27,NS,berg_B27_NS,8L,NA,bare ground
2022,berg_B27,NS,berg_B27_NS,8R,NA,bare ground
2022,berg_B27,NS,berg_B27_NS,9L,NA,bare ground
2022,berg_B27,NS,berg_B27_NS,9R,NA,bare ground
2022,berg_B27,NS,berg_B27_NS,CL,Erodium moschatum,NA
2022,berg_B27,NS,berg_B27_NS,CR,Cotula turbinata,NA
2022,berg_B27,WE,berg_B27_WE,0L,Cotula turbinata,NA
2022,berg_B27,WE,berg_B27_WE,0R,Salsola kali,NA
2022,berg_B27,WE,berg_B27_WE,1L,Cotula turbinata,NA
2022,berg_B27,WE,berg_B27_WE,1R,Cotula turbinata,NA
2022,berg_B27,WE,berg_B27_WE,2L,NA,bare ground
2022,berg_B27,WE,berg_B27_WE,2R,Cotula turbinata,NA
2022,berg_B27,WE,berg_B27_WE,3L,Cotula turbinata,NA
2022,berg_B27,WE,berg_B27_WE,3R,Cotula turbinata,NA
2022,berg_B27,WE,berg_B27_WE,4L,Poa annua,NA
2022,berg_B27,WE,berg_B27_WE,4R,Poa annua,NA
2022,berg_B27,WE,berg_B27_WE,5L,Erodium moschatum,NA
2022,berg_B27,WE,berg_B27_WE,5R,Erodium moschatum,NA
2022,berg_B27,WE,berg_B27_WE,6L,Capsella bursa-pastoris,NA
2022,berg_B27,WE,berg_B27_WE,6R,Erodium moschatum,NA
2022,berg_B27,WE,berg_B27_WE,7L,Capsella bursa-pastoris,NA
2022,berg_B27,WE,berg_B27_WE,7R,Cotula turbinata,NA
2022,berg_B27,WE,berg_B27_WE,8L,Erodium moschatum,NA
2022,berg_B27,WE,berg_B27_WE,8R,Erodium moschatum,NA
2022,berg_B27,WE,berg_B27_WE,9L,Erodium moschatum,NA
2022,berg_B27,WE,berg_B27_WE,9R,NA,NA
2022,berg_B28,NS,berg_B28_NS,0L,Lolium perenne,NA
2022,berg_B28,NS,berg_B28_NS,0R,Lolium perenne,NA
2022,berg_B28,NS,berg_B28_NS,1L,Avena sativa,NA
2022,berg_B28,NS,berg_B28_NS,1R,Oxalis pes-caprae,NA
2022,berg_B28,NS,berg_B28_NS,2L,Lolium perenne,NA
2022,berg_B28,NS,berg_B28_NS,2R,Bromus diandrus,NA
2022,berg_B28,NS,berg_B28_NS,3L,Medicago polymorpha,NA
2022,berg_B28,NS,berg_B28_NS,3R,Trachyandra muricata,NA
2022,berg_B28,NS,berg_B28_NS,4L,Medicago polymorpha,NA
2022,berg_B28,NS,berg_B28_NS,4R,Lolium perenne,NA
2022,berg_B28,NS,berg_B28_NS,5L,Galenia africana,NA
2022,berg_B28,NS,berg_B28_NS,5R,Hermannia disermifolia,NA
2022,berg_B28,NS,berg_B28_NS,6L,Lolium perenne,NA
2022,berg_B28,NS,berg_B28_NS,6R,Avena sativa,NA
2022,berg_B28,NS,berg_B28_NS,7L,Trachyandra muricata,NA
2022,berg_B28,NS,berg_B28_NS,7R,Galenia africana,NA
2022,berg_B28,NS,berg_B28_NS,8L,NA,bare earth
2022,berg_B28,NS,berg_B28_NS,8R,Galenia africana,NA
2022,berg_B28,NS,berg_B28_NS,9L,Bromus diandrus,NA
2022,berg_B28,NS,berg_B28_NS,9R,NA,bare earth
2022,berg_B28,NS,berg_B28_NS,CL,Medicago polymorpha,NA
2022,berg_B28,NS,berg_B28_NS,CR,Lolium perenne,NA
2022,berg_B28,WE,berg_B28_WE,0L,Bromus diandrus,NA
2022,berg_B28,WE,berg_B28_WE,0R,Bromus diandrus,NA
2022,berg_B28,WE,berg_B28_WE,1L,Bromus diandrus,NA
2022,berg_B28,WE,berg_B28_WE,1R,Bromus diandrus,NA
2022,berg_B28,WE,berg_B28_WE,2L,Bromus diandrus,NA
2022,berg_B28,WE,berg_B28_WE,2R,Bromus diandrus,NA
2022,berg_B28,WE,berg_B28_WE,3L,Echium sp.,NA
2022,berg_B28,WE,berg_B28_WE,3R,Avena sativa,NA
2022,berg_B28,WE,berg_B28_WE,4L,Echium sp.,NA
2022,berg_B28,WE,berg_B28_WE,4R,Avena sativa,NA
2022,berg_B28,WE,berg_B28_WE,5L,NA,aizoaceae
2022,berg_B28,WE,berg_B28_WE,5R,Avena sativa,NA
2022,berg_B28,WE,berg_B28_WE,6L,Lolium perenne,NA
2022,berg_B28,WE,berg_B28_WE,6R,Avena sativa,NA
2022,berg_B28,WE,berg_B28_WE,7L,Galenia africana,NA
2022,berg_B28,WE,berg_B28_WE,7R,Ehrharta calycina,NA
2022,berg_B28,WE,berg_B28_WE,8L,Lolium perenne,NA
2022,berg_B28,WE,berg_B28_WE,8R,Galenia africana,NA
2022,berg_B28,WE,berg_B28_WE,9L,Lolium perenne,NA
2022,berg_B28,WE,berg_B28_WE,9R,Ehrharta calycina,NA
2022,berg_B29,NS,berg_B29_NS,0L,Pennisetum clandestinum,NA
2022,berg_B29,NS,berg_B29_NS,0R,Pennisetum clandestinum,NA
2022,berg_B29,NS,berg_B29_NS,1L,Pennisetum clandestinum,NA
2022,berg_B29,NS,berg_B29_NS,1R,Rumex crispus,NA
2022,berg_B29,NS,berg_B29_NS,2L,Cynodon dactylon,NA
2022,berg_B29,NS,berg_B29_NS,2R,Pennisetum clandestinum,NA
2022,berg_B29,NS,berg_B29_NS,3L,Cynodon dactylon,NA
2022,berg_B29,NS,berg_B29_NS,3R,Pennisetum clandestinum,NA
2022,berg_B29,NS,berg_B29_NS,4L,Cynodon dactylon,NA
2022,berg_B29,NS,berg_B29_NS,4R,Galenia africana,NA
2022,berg_B29,NS,berg_B29_NS,5L,NA,bare ground
2022,berg_B29,NS,berg_B29_NS,5R,Cotula coronopifolia,NA
2022,berg_B29,NS,berg_B29_NS,6L,NA,bare ground
2022,berg_B29,NS,berg_B29_NS,6R,Cotula coronopifolia,NA
2022,berg_B29,NS,berg_B29_NS,7L,NA,bare ground
2022,berg_B29,NS,berg_B29_NS,7R,Cotula coronopifolia,NA
2022,berg_B29,NS,berg_B29_NS,8L,Lolium perenne,NA
2022,berg_B29,NS,berg_B29_NS,8R,Cynodon dactylon,NA
2022,berg_B29,NS,berg_B29_NS,9L,Sagina sp.,NA
2022,berg_B29,NS,berg_B29_NS,9R,Arctotheca calendula,NA
2022,berg_B29,NS,berg_B29_NS,CL,Cynodon dactylon,NA
2022,berg_B29,NS,berg_B29_NS,CR,Cynodon dactylon,NA
2022,berg_B29,WE,berg_B29_WE,0L,Cynodon dactylon,NA
2022,berg_B29,WE,berg_B29_WE,0R,Ornithogalum thyrsoides,NA
2022,berg_B29,WE,berg_B29_WE,1L,Cynodon dactylon,NA
2022,berg_B29,WE,berg_B29_WE,1R,Arctotheca calendula,NA
2022,berg_B29,WE,berg_B29_WE,2L,Cynodon dactylon,NA
2022,berg_B29,WE,berg_B29_WE,2R,Cotula coronopifolia,NA
2022,berg_B29,WE,berg_B29_WE,3L,Cynodon dactylon,NA
2022,berg_B29,WE,berg_B29_WE,3R,Cynodon dactylon,NA
2022,berg_B29,WE,berg_B29_WE,4L,NA,bare ground
2022,berg_B29,WE,berg_B29_WE,4R,NA,bare groud
2022,berg_B29,WE,berg_B29_WE,5L,Lolium perenne,NA
2022,berg_B29,WE,berg_B29_WE,5R,Lolium perenne,NA
2022,berg_B29,WE,berg_B29_WE,6L,Lolium perenne,NA
2022,berg_B29,WE,berg_B29_WE,6R,Cynodon dactylon,NA
2022,berg_B29,WE,berg_B29_WE,7L,Lolium perenne,NA
2022,berg_B29,WE,berg_B29_WE,7R,Lolium perenne,NA
2022,berg_B29,WE,berg_B29_WE,8L,Lolium perenne,NA
2022,berg_B29,WE,berg_B29_WE,8R,Lolium perenne,NA
2022,berg_B29,WE,berg_B29_WE,9L,Lolium perenne,NA
2022,berg_B29,WE,berg_B29_WE,9R,Cynodon dactylon,NA
2022,berg_B3,NS,berg_B3_NS,0L,Kiggelaria africana,NA
2022,berg_B3,NS,berg_B3_NS,0R,Diospyros whyteana,SYNONYM of Royena lucida
2022,berg_B3,NS,berg_B3_NS,1L,Ehrharta calycina,NA
2022,berg_B3,NS,berg_B3_NS,1R,Searsia angustifolia,NA
2022,berg_B3,NS,berg_B3_NS,2L,Anthospermum aethiopicum,NA
2022,berg_B3,NS,berg_B3_NS,2R,Searsia angustifolia,NA
2022,berg_B3,NS,berg_B3_NS,3L,Searsia angustifolia,NA
2022,berg_B3,NS,berg_B3_NS,3R,Kiggelaria africana,NA
2022,berg_B3,NS,berg_B3_NS,4L,Searsia angustifolia,NA
2022,berg_B3,NS,berg_B3_NS,4R,NA,bare rock
2022,berg_B3,NS,berg_B3_NS,5L,NA,bare rock
2022,berg_B3,NS,berg_B3_NS,5R,Freylinia lanceolata,NA
2022,berg_B3,NS,berg_B3_NS,6L,NA,bare rock
2022,berg_B3,NS,berg_B3_NS,6R,Freylinia lanceolata,NA
2022,berg_B3,NS,berg_B3_NS,7L,Freylinia lanceolata,NA
2022,berg_B3,NS,berg_B3_NS,7R,Freylinia lanceolata,NA
2022,berg_B3,NS,berg_B3_NS,8L,Freylinia lanceolata,NA
2022,berg_B3,NS,berg_B3_NS,8R,Freylinia lanceolata,NA
2022,berg_B3,NS,berg_B3_NS,9L,Metrosideros angustifolia,NA
2022,berg_B3,NS,berg_B3_NS,9R,Freylinia lanceolata,NA
2022,berg_B3,NS,berg_B3_NS,CL,Stoebe plumosa,NA
2022,berg_B3,NS,berg_B3_NS,CR,Passerina rigida,NA
2022,berg_B3,WE,berg_B3_WE,0L,NA,bare rock
2022,berg_B3,WE,berg_B3_WE,0R,NA,bare rock
2022,berg_B3,WE,berg_B3_WE,1L,Metrosideros angustifolia,NA
2022,berg_B3,WE,berg_B3_WE,1R,Metrosideros angustifolia,NA
2022,berg_B3,WE,berg_B3_WE,2L,NA,bare rock
2022,berg_B3,WE,berg_B3_WE,2R,NA,bare rock
2022,berg_B3,WE,berg_B3_WE,3L,NA,bare rock
2022,berg_B3,WE,berg_B3_WE,3R,NA,bare rock
2022,berg_B3,WE,berg_B3_WE,4L,NA,bare rock
2022,berg_B3,WE,berg_B3_WE,4R,NA,bare rock
2022,berg_B3,WE,berg_B3_WE,5L,Stoebe plumosa,NA
2022,berg_B3,WE,berg_B3_WE,5R,Passerina rigida,NA
2022,berg_B3,WE,berg_B3_WE,6L,NA,bare rock
2022,berg_B3,WE,berg_B3_WE,6R,NA,bare rock
2022,berg_B3,WE,berg_B3_WE,7L,Anthospermum aethiopicum,NA
2022,berg_B3,WE,berg_B3_WE,7R,Passerina rigida,NA
2022,berg_B3,WE,berg_B3_WE,8L,Anthospermum aethiopicum,NA
2022,berg_B3,WE,berg_B3_WE,8R,NA,bare rock
2022,berg_B3,WE,berg_B3_WE,9L,Capeochloa cincta,NA
2022,berg_B3,WE,berg_B3_WE,9R,Capeochloa cincta,NA
2022,berg_B4,NS,berg_B4_NS,0L,Pinus pinaster,NA
2022,berg_B4,NS,berg_B4_NS,0R,Stoebe plumosa,NA
2022,berg_B4,NS,berg_B4_NS,1L,NA,unknown grass
2022,berg_B4,NS,berg_B4_NS,1R,Hypochaeris radicata,NA
2022,berg_B4,NS,berg_B4_NS,2L,NA,unknown grass
2022,berg_B4,NS,berg_B4_NS,2R,NA,unknown grass
2022,berg_B4,NS,berg_B4_NS,3L,NA,Bare soil
2022,berg_B4,NS,berg_B4_NS,3R,Hypochaeris radicata,NA
2022,berg_B4,NS,berg_B4_NS,4L,NA,unknown grass
2022,berg_B4,NS,berg_B4_NS,4R,Passerina rigida,NA
2022,berg_B4,NS,berg_B4_NS,5L,Passerina rigida,NA
2022,berg_B4,NS,berg_B4_NS,5R,Stoebe plumosa,NA
2022,berg_B4,NS,berg_B4_NS,6L,Pteridium aquilinum,NA
2022,berg_B4,NS,berg_B4_NS,6R,Stoebe plumosa,NA
2022,berg_B4,NS,berg_B4_NS,7L,Pteridium aquilinum,NA
2022,berg_B4,NS,berg_B4_NS,7R,NA,unknown grass
2022,berg_B4,NS,berg_B4_NS,8L,NA,unknown grass
2022,berg_B4,NS,berg_B4_NS,8R,Pteridium aquilinum,NA
2022,berg_B4,NS,berg_B4_NS,9L,Pteridium aquilinum,NA
2022,berg_B4,NS,berg_B4_NS,9R,Stoebe plumosa,NA
2022,berg_B4,NS,berg_B4_NS,CL,NA,unknown grass
2022,berg_B4,NS,berg_B4_NS,CR,Passerina rigida,NA
2022,berg_B4,WE,berg_B4_WE,0L,Stoebe plumosa,NA
2022,berg_B4,WE,berg_B4_WE,0R,Stoebe plumosa,NA
2022,berg_B4,WE,berg_B4_WE,1L,Stoebe plumosa,NA
2022,berg_B4,WE,berg_B4_WE,1R,Passerina rigida,NA
2022,berg_B4,WE,berg_B4_WE,2L,Restio perplexus,NA
2022,berg_B4,WE,berg_B4_WE,2R,Restio perplexus,NA
2022,berg_B4,WE,berg_B4_WE,3L,Cliffortia ruscifolia,NA
2022,berg_B4,WE,berg_B4_WE,3R,Stoebe plumosa,NA
2022,berg_B4,WE,berg_B4_WE,4L,Oxalis eckloniana,NA
2022,berg_B4,WE,berg_B4_WE,4R,Pteridium aquilinum,NA
2022,berg_B4,WE,berg_B4_WE,5L,NA,unidentified grass
2022,berg_B4,WE,berg_B4_WE,5R,Hypochaeris radicata,NA
2022,berg_B4,WE,berg_B4_WE,6L,NA,bare ground
2022,berg_B4,WE,berg_B4_WE,6R,Stoebe plumosa,NA
2022,berg_B4,WE,berg_B4_WE,7L,Stoebe plumosa,NA
2022,berg_B4,WE,berg_B4_WE,7R,Pennisetum clandestinum,kikuyu grass = Cenchrus clandestinum
2022,berg_B4,WE,berg_B4_WE,8L,Hypochaeris radicata,NA
2022,berg_B4,WE,berg_B4_WE,8R,Pennisetum clandestinum,NA
2022,berg_B4,WE,berg_B4_WE,9L,NA,Bare ground
2022,berg_B4,WE,berg_B4_WE,9R,Ehrharta erecta,NA
2022,berg_B5,NS,berg_B5_NS,0L,Tropaeolum majus,NA
2022,berg_B5,NS,berg_B5_NS,0R,Tropaeolum majus,NA
2022,berg_B5,NS,berg_B5_NS,1L,Tropaeolum majus,NA
2022,berg_B5,NS,berg_B5_NS,1R,Quercus ruber,NA
2022,berg_B5,NS,berg_B5_NS,2L,Tropaeolum majus,NA
2022,berg_B5,NS,berg_B5_NS,2R,Tropaeolum majus,NA
2022,berg_B5,NS,berg_B5_NS,3L,Tropaeolum majus,NA
2022,berg_B5,NS,berg_B5_NS,3R,Rubus fruticosus,NA
2022,berg_B5,NS,berg_B5_NS,4L,Tropaeolum majus,NA
2022,berg_B5,NS,berg_B5_NS,4R,Tropaeolum majus,NA
2022,berg_B5,NS,berg_B5_NS,5L,NA,boulder(table mountain sandstone)
2022,berg_B5,NS,berg_B5_NS,5R,Pennisetum clandestinum,NA
2022,berg_B5,NS,berg_B5_NS,6L,Tropaeolum majus,NA
2022,berg_B5,NS,berg_B5_NS,6R,Pennisetum clandestinum,NA
2022,berg_B5,NS,berg_B5_NS,7L,Tropaeolum majus,NA
2022,berg_B5,NS,berg_B5_NS,7R,Pennisetum clandestinum,NA
2022,berg_B5,NS,berg_B5_NS,8L,Galium sp.,NA
2022,berg_B5,NS,berg_B5_NS,8R,Pennisetum clandestinum,NA
2022,berg_B5,NS,berg_B5_NS,9L,Tropaeolum majus,NA
2022,berg_B5,NS,berg_B5_NS,9R,Pennisetum clandestinum,NA
2022,berg_B5,NS,berg_B5_NS,CL,Tropaeolum majus,NA
2022,berg_B5,NS,berg_B5_NS,CR,Tropaeolum majus,NA
2022,berg_B5,WE,berg_B5_WE,0L,Tropaeolum majus,NA
2022,berg_B5,WE,berg_B5_WE,0R,Tropaeolum majus,NA
2022,berg_B5,WE,berg_B5_WE,1L,Tropaeolum majus,NA
2022,berg_B5,WE,berg_B5_WE,1R,Tropaeolum majus,NA
2022,berg_B5,WE,berg_B5_WE,2L,Tropaeolum majus,NA
2022,berg_B5,WE,berg_B5_WE,2R,Tropaeolum majus,NA
2022,berg_B5,WE,berg_B5_WE,3L,Tropaeolum majus,NA
2022,berg_B5,WE,berg_B5_WE,3R,Tropaeolum majus,NA
2022,berg_B5,WE,berg_B5_WE,4L,Vinca major,NA
2022,berg_B5,WE,berg_B5_WE,4R,Tropaeolum majus,NA
2022,berg_B5,WE,berg_B5_WE,5L,Tropaeolum majus,NA
2022,berg_B5,WE,berg_B5_WE,5R,Tropaeolum majus,NA
2022,berg_B5,WE,berg_B5_WE,6L,Galium sp.,NA
2022,berg_B5,WE,berg_B5_WE,6R,Galium sp.,NA
2022,berg_B5,WE,berg_B5_WE,7L,Rubus fruticosus,NA
2022,berg_B5,WE,berg_B5_WE,7R,Tropaeolum majus,NA
2022,berg_B5,WE,berg_B5_WE,8L,Tropaeolum majus,NA
2022,berg_B5,WE,berg_B5_WE,8R,Pennisetum clandestinum,NA
2022,berg_B5,WE,berg_B5_WE,9L,Tropaeolum majus,NA
2022,berg_B5,WE,berg_B5_WE,9R,Tropaeolum majus,NA
2022,berg_B6,NS,berg_B6_NS,0L,Polytrichum commune,NA
2022,berg_B6,NS,berg_B6_NS,0R,Polytrichum commune,NA
2022,berg_B6,NS,berg_B6_NS,1L,Stoebe plumosa,NA
2022,berg_B6,NS,berg_B6_NS,1R,NA,Bare rock
2022,berg_B6,NS,berg_B6_NS,2L,Drosera trinervia,NA
2022,berg_B6,NS,berg_B6_NS,2R,Polytrichum commune,NA
2022,berg_B6,NS,berg_B6_NS,3L,NA,bare rock
2022,berg_B6,NS,berg_B6_NS,3R,Stoebe plumosa,NA
2022,berg_B6,NS,berg_B6_NS,4L,Stoebe plumosa,NA
2022,berg_B6,NS,berg_B6_NS,4R,Stoebe plumosa,NA
2022,berg_B6,NS,berg_B6_NS,5L,Tenaxia disticha,NA
2022,berg_B6,NS,berg_B6_NS,5R,NA,bare rock
2022,berg_B6,NS,berg_B6_NS,6L,Cannomois virgata,NA
2022,berg_B6,NS,berg_B6_NS,6R,Restio gaudichaudianus,NA
2022,berg_B6,NS,berg_B6_NS,7L,Metrosideros angustifolia,NA
2022,berg_B6,NS,berg_B6_NS,7R,Brabejum stellatifolium,NA
2022,berg_B6,NS,berg_B6_NS,8L,Tenaxia disticha,NA
2022,berg_B6,NS,berg_B6_NS,8R,Cannomois virgata,NA
2022,berg_B6,NS,berg_B6_NS,9L,Tenaxia disticha,NA
2022,berg_B6,NS,berg_B6_NS,9R,Tenaxia disticha,Synonym of Merxmuellera disticha
2022,berg_B6,NS,berg_B6_NS,CL,NA,bare rock
2022,berg_B6,NS,berg_B6_NS,CR,Restio gaudichaudianus,NA
2022,berg_B6,WE,berg_B6_WE,0L,Restio subverticellatus,NA
2022,berg_B6,WE,berg_B6_WE,0R,Restio subverticellatus,Synonym of Ischyrolepis subverticillata
2022,berg_B6,WE,berg_B6_WE,1L,Cannomois virgata,NA
2022,berg_B6,WE,berg_B6_WE,1R,Erica caffra,NA
2022,berg_B6,WE,berg_B6_WE,2L,Cannomois virgata,NA
2022,berg_B6,WE,berg_B6_WE,2R,Tenaxia disticha,NA
2022,berg_B6,WE,berg_B6_WE,3L,Cannomois virgata,NA
2022,berg_B6,WE,berg_B6_WE,3R,Cannomois virgata,NA
2022,berg_B6,WE,berg_B6_WE,4L,Restio gaudichaudianus,NA
2022,berg_B6,WE,berg_B6_WE,4R,Cannomois virgata,NA
2022,berg_B6,WE,berg_B6_WE,5L,Restio gaudichaudianus,NA
2022,berg_B6,WE,berg_B6_WE,5R,Vinca minor,Synonym Vinca purpuruea
2022,berg_B6,WE,berg_B6_WE,6L,Ehrharta villosa,NA
2022,berg_B6,WE,berg_B6_WE,6R,Stoebe plumosa,NA
2022,berg_B6,WE,berg_B6_WE,7L,Ehrharta villosa,NA
2022,berg_B6,WE,berg_B6_WE,7R,Drosera trinervia,NA
2022,berg_B6,WE,berg_B6_WE,8L,Stoebe plumosa,NA
2022,berg_B6,WE,berg_B6_WE,8R,Drosera trinervia,NA
2022,berg_B6,WE,berg_B6_WE,9L,Stoebe plumosa,NA
2022,berg_B6,WE,berg_B6_WE,9R,Stoebe plumosa,NA
2022,berg_B7,NS,berg_B7_NS,0L,Pennisetum macrourum,NA
2022,berg_B7,NS,berg_B7_NS,0R,Pennisetum macrourum,NA
2022,berg_B7,NS,berg_B7_NS,1L,Pennisetum macrourum,NA
2022,berg_B7,NS,berg_B7_NS,1R,Pennisetum macrourum,NA
2022,berg_B7,NS,berg_B7_NS,2L,Pennisetum macrourum,NA
2022,berg_B7,NS,berg_B7_NS,2R,Pennisetum macrourum,NA
2022,berg_B7,NS,berg_B7_NS,3L,Pennisetum macrourum,NA
2022,berg_B7,NS,berg_B7_NS,3R,Pennisetum macrourum,NA
2022,berg_B7,NS,berg_B7_NS,4L,Pennisetum macrourum,NA
2022,berg_B7,NS,berg_B7_NS,4R,Pennisetum macrourum,NA
2022,berg_B7,NS,berg_B7_NS,5L,Pennisetum macrourum,NA
2022,berg_B7,NS,berg_B7_NS,5R,Pennisetum macrourum,NA
2022,berg_B7,NS,berg_B7_NS,6L,Pennisetum macrourum,NA
2022,berg_B7,NS,berg_B7_NS,6R,Pennisetum macrourum,NA
2022,berg_B7,NS,berg_B7_NS,7L,Pennisetum macrourum,NA
2022,berg_B7,NS,berg_B7_NS,7R,Pennisetum macrourum,NA
2022,berg_B7,NS,berg_B7_NS,8L,Pennisetum macrourum,NA
2022,berg_B7,NS,berg_B7_NS,8R,Pennisetum macrourum,NA
2022,berg_B7,NS,berg_B7_NS,9L,Pennisetum macrourum,NA
2022,berg_B7,NS,berg_B7_NS,9R,Pennisetum macrourum,NA
2022,berg_B7,NS,berg_B7_NS,CL,Pennisetum macrourum,NA
2022,berg_B7,NS,berg_B7_NS,CR,Pennisetum macrourum,NA
2022,berg_B7,WE,berg_B7_WE,0L,Pennisetum macrourum,NA
2022,berg_B7,WE,berg_B7_WE,0R,Pennisetum macrourum,NA
2022,berg_B7,WE,berg_B7_WE,1L,Pennisetum macrourum,NA
2022,berg_B7,WE,berg_B7_WE,1R,Pennisetum macrourum,NA
2022,berg_B7,WE,berg_B7_WE,2L,Pennisetum macrourum,NA
2022,berg_B7,WE,berg_B7_WE,2R,Senecio pterophorus,NA
2022,berg_B7,WE,berg_B7_WE,3L,Spergularia media,NA
2022,berg_B7,WE,berg_B7_WE,3R,Spergularia media,NA
2022,berg_B7,WE,berg_B7_WE,4L,Pennisetum macrourum,NA
2022,berg_B7,WE,berg_B7_WE,4R,Pennisetum macrourum,NA
2022,berg_B7,WE,berg_B7_WE,5L,Pennisetum macrourum,NA
2022,berg_B7,WE,berg_B7_WE,5R,Pennisetum macrourum,NA
2022,berg_B7,WE,berg_B7_WE,6L,Pennisetum macrourum,NA
2022,berg_B7,WE,berg_B7_WE,6R,Pennisetum macrourum,NA
2022,berg_B7,WE,berg_B7_WE,7L,Pennisetum macrourum,NA
2022,berg_B7,WE,berg_B7_WE,7R,Pennisetum macrourum,NA
2022,berg_B7,WE,berg_B7_WE,8L,Pennisetum macrourum,NA
2022,berg_B7,WE,berg_B7_WE,8R,Pennisetum macrourum,NA
2022,berg_B7,WE,berg_B7_WE,9L,Pennisetum macrourum,NA
2022,berg_B7,WE,berg_B7_WE,9R,Pennisetum macrourum,NA
2022,berg_B8,NS,berg_B8_NS,0L,Pennisetum macrourum,NA
2022,berg_B8,NS,berg_B8_NS,0R,Pennisetum macrourum,NA
2022,berg_B8,NS,berg_B8_NS,1L,NA,Unknown grass
2022,berg_B8,NS,berg_B8_NS,1R,Pennisetum macrourum,NA
2022,berg_B8,NS,berg_B8_NS,2L,Pennisetum macrourum,NA
2022,berg_B8,NS,berg_B8_NS,2R,Pennisetum macrourum,NA
2022,berg_B8,NS,berg_B8_NS,3L,Pennisetum macrourum,NA
2022,berg_B8,NS,berg_B8_NS,3R,Pennisetum macrourum,NA
2022,berg_B8,NS,berg_B8_NS,4L,Pennisetum macrourum,NA
2022,berg_B8,NS,berg_B8_NS,4R,Pennisetum macrourum,NA
2022,berg_B8,NS,berg_B8_NS,5L,Pennisetum macrourum,NA
2022,berg_B8,NS,berg_B8_NS,5R,Pennisetum macrourum,NA
2022,berg_B8,NS,berg_B8_NS,6L,Pennisetum macrourum,NA
2022,berg_B8,NS,berg_B8_NS,6R,Pennisetum macrourum,NA
2022,berg_B8,NS,berg_B8_NS,7L,Pennisetum macrourum,NA
2022,berg_B8,NS,berg_B8_NS,7R,Pennisetum macrourum,NA
2022,berg_B8,NS,berg_B8_NS,8L,Pennisetum macrourum,NA
2022,berg_B8,NS,berg_B8_NS,8R,Pennisetum macrourum,NA
2022,berg_B8,NS,berg_B8_NS,9L,Pennisetum macrourum,NA
2022,berg_B8,NS,berg_B8_NS,9R,Pennisetum macrourum,NA
2022,berg_B8,NS,berg_B8_NS,CL,Pennisetum macrourum,NA
2022,berg_B8,NS,berg_B8_NS,CR,Pennisetum macrourum,NA
2022,berg_B8,WE,berg_B8_WE,0L,Pennisetum macrourum,NA
2022,berg_B8,WE,berg_B8_WE,0R,Pennisetum macrourum,NA
2022,berg_B8,WE,berg_B8_WE,1L,Pennisetum macrourum,NA
2022,berg_B8,WE,berg_B8_WE,1R,Pennisetum macrourum,NA
2022,berg_B8,WE,berg_B8_WE,2L,Pennisetum macrourum,NA
2022,berg_B8,WE,berg_B8_WE,2R,Pennisetum macrourum,NA
2022,berg_B8,WE,berg_B8_WE,3L,Pennisetum macrourum,NA
2022,berg_B8,WE,berg_B8_WE,3R,Pennisetum macrourum,NA
2022,berg_B8,WE,berg_B8_WE,4L,Pennisetum macrourum,NA
2022,berg_B8,WE,berg_B8_WE,4R,Pennisetum macrourum,NA
2022,berg_B8,WE,berg_B8_WE,5L,Pennisetum macrourum,NA
2022,berg_B8,WE,berg_B8_WE,5R,Pennisetum macrourum,NA
2022,berg_B8,WE,berg_B8_WE,6L,Pennisetum macrourum,NA
2022,berg_B8,WE,berg_B8_WE,6R,Pennisetum macrourum,NA
2022,berg_B8,WE,berg_B8_WE,7L,Pennisetum macrourum,NA
2022,berg_B8,WE,berg_B8_WE,7R,Pennisetum macrourum,NA
2022,berg_B8,WE,berg_B8_WE,8L,Pennisetum macrourum,NA
2022,berg_B8,WE,berg_B8_WE,8R,NA,Unknown Grass
2022,berg_B8,WE,berg_B8_WE,9L,Echium plantagineum,NA
2022,berg_B8,WE,berg_B8_WE,9R,Lolium perenne,NA
2022,berg_B9,NS,berg_B9_NS,0L,Bromus diandrus,NA
2022,berg_B9,NS,berg_B9_NS,0R,Cynodon dactylon,NA
2022,berg_B9,NS,berg_B9_NS,1L,Vicia hirsuta,NA
2022,berg_B9,NS,berg_B9_NS,1R,Briza maxima,NA
2022,berg_B9,NS,berg_B9_NS,2L,Briza maxima,NA
2022,berg_B9,NS,berg_B9_NS,2R,Hypochaeris radicata,NA
2022,berg_B9,NS,berg_B9_NS,3L,NA,Bare rock
2022,berg_B9,NS,berg_B9_NS,3R,NA,Bare rock
2022,berg_B9,NS,berg_B9_NS,4L,Briza maxima,NA
2022,berg_B9,NS,berg_B9_NS,4R,Briza maxima,NA
2022,berg_B9,NS,berg_B9_NS,5L,Briza maxima,NA
2022,berg_B9,NS,berg_B9_NS,5R,Plantago lanceolata,NA
2022,berg_B9,NS,berg_B9_NS,6L,Bromus diandrus,NA
2022,berg_B9,NS,berg_B9_NS,6R,Hypochaeris radicata,NA
2022,berg_B9,NS,berg_B9_NS,7L,Pennisetum clandestinum,NA
2022,berg_B9,NS,berg_B9_NS,7R,Erodium moschatum,NA
2022,berg_B9,NS,berg_B9_NS,8L,Avena sativa,NA
2022,berg_B9,NS,berg_B9_NS,8R,Avena sativa,NA
2022,berg_B9,NS,berg_B9_NS,9L,Avena sativa,NA
2022,berg_B9,NS,berg_B9_NS,9R,Ornithopus compressus,NA
2022,berg_B9,NS,berg_B9_NS,CL,Briza maxima,NA
2022,berg_B9,NS,berg_B9_NS,CR,Briza maxima,NA
2022,berg_B9,WE,berg_B9_WE,0L,Oxalis sp.,NA
2022,berg_B9,WE,berg_B9_WE,0R,Senecio pterophorus,NA
2022,berg_B9,WE,berg_B9_WE,1L,Briza maxima,NA
2022,berg_B9,WE,berg_B9_WE,1R,Briza maxima,NA
2022,berg_B9,WE,berg_B9_WE,2L,Briza maxima,NA
2022,berg_B9,WE,berg_B9_WE,2R,Briza maxima,NA
2022,berg_B9,WE,berg_B9_WE,3L,Hypochaeris radicata,NA
2022,berg_B9,WE,berg_B9_WE,3R,Briza maxima,NA
2022,berg_B9,WE,berg_B9_WE,4L,Briza maxima,NA
2022,berg_B9,WE,berg_B9_WE,4R,Hypochaeris radicata,NA
2022,berg_B9,WE,berg_B9_WE,5L,Briza maxima,NA
2022,berg_B9,WE,berg_B9_WE,5R,Stoebe plumosa,NA
2022,berg_B9,WE,berg_B9_WE,6L,Oxalis sp.,NA
2022,berg_B9,WE,berg_B9_WE,6R,Stoebe plumosa,NA
2022,berg_B9,WE,berg_B9_WE,7L,Briza maxima,NA
2022,berg_B9,WE,berg_B9_WE,7R,Ornithopus compressus,NA
2022,berg_B9,WE,berg_B9_WE,8L,Polycarpon tetraphyllum,NA
2022,berg_B9,WE,berg_B9_WE,8R,Polycarpon tetraphyllum,NA
2022,berg_B9,WE,berg_B9_WE,9L,Echium plantagineum,NA
2022,berg_B9,WE,berg_B9_WE,9R,Echium plantagineum,NA
2022,berg_Gauge1160263,NS,berg_Gauge1160263_NS,0L,Commelina benghalensis,NA
2022,berg_Gauge1160263,NS,berg_Gauge1160263_NS,0R,Rumex cordatus,NA
2022,berg_Gauge1160263,NS,berg_Gauge1160263_NS,1L,Rumex cordatus,NA
2022,berg_Gauge1160263,NS,berg_Gauge1160263_NS,1R,Rumex cordatus,NA
2022,berg_Gauge1160263,NS,berg_Gauge1160263_NS,2L,Rumex cordatus,NA
2022,berg_Gauge1160263,NS,berg_Gauge1160263_NS,2R,Rumex cordatus,NA
2022,berg_Gauge1160263,NS,berg_Gauge1160263_NS,3L,Rumex cordatus,NA
2022,berg_Gauge1160263,NS,berg_Gauge1160263_NS,3R,Rumex cordatus,NA
2022,berg_Gauge1160263,NS,berg_Gauge1160263_NS,4L,Rumex cordatus,NA
2022,berg_Gauge1160263,NS,berg_Gauge1160263_NS,4R,Rumex cordatus,NA
2022,berg_Gauge1160263,NS,berg_Gauge1160263_NS,5L,Commelina benghalensis,NA
2022,berg_Gauge1160263,NS,berg_Gauge1160263_NS,5R,Commelina benghalensis,NA
2022,berg_Gauge1160263,NS,berg_Gauge1160263_NS,6L,Commelina benghalensis,NA
2022,berg_Gauge1160263,NS,berg_Gauge1160263_NS,6R,Verbena brasiliensis,NA
2022,berg_Gauge1160263,NS,berg_Gauge1160263_NS,7L,Commelina benghalensis,NA
2022,berg_Gauge1160263,NS,berg_Gauge1160263_NS,7R,Commelina benghalensis,NA
2022,berg_Gauge1160263,NS,berg_Gauge1160263_NS,8L,Commelina benghalensis,NA
2022,berg_Gauge1160263,NS,berg_Gauge1160263_NS,8R,Commelina benghalensis,NA
2022,berg_Gauge1160263,NS,berg_Gauge1160263_NS,9L,Commelina benghalensis,NA
2022,berg_Gauge1160263,NS,berg_Gauge1160263_NS,9R,Rumex cordatus,NA
2022,berg_Gauge1160263,NS,berg_Gauge1160263_NS,CL,Commelina benghalensis,NA
2022,berg_Gauge1160263,NS,berg_Gauge1160263_NS,CR,Commelina benghalensis,NA
2022,berg_Gauge1160263,WE,berg_Gauge1160263_WE,0L,Commelina benghalensis,NA
2022,berg_Gauge1160263,WE,berg_Gauge1160263_WE,0R,Typha latifolia,NA
2022,berg_Gauge1160263,WE,berg_Gauge1160263_WE,1L,Typha latifolia,NA
2022,berg_Gauge1160263,WE,berg_Gauge1160263_WE,1R,Commelina benghalensis,NA
2022,berg_Gauge1160263,WE,berg_Gauge1160263_WE,2L,Commelina benghalensis,NA
2022,berg_Gauge1160263,WE,berg_Gauge1160263_WE,2R,Commelina benghalensis,NA
2022,berg_Gauge1160263,WE,berg_Gauge1160263_WE,3L,Commelina benghalensis,NA
2022,berg_Gauge1160263,WE,berg_Gauge1160263_WE,3R,Commelina benghalensis,NA
2022,berg_Gauge1160263,WE,berg_Gauge1160263_WE,4L,Commelina benghalensis,NA
2022,berg_Gauge1160263,WE,berg_Gauge1160263_WE,4R,Commelina benghalensis,NA
2022,berg_Gauge1160263,WE,berg_Gauge1160263_WE,5L,Rumex cordatus,NA
2022,berg_Gauge1160263,WE,berg_Gauge1160263_WE,5R,Commelina benghalensis,NA
2022,berg_Gauge1160263,WE,berg_Gauge1160263_WE,6L,Rumex cordatus,NA
2022,berg_Gauge1160263,WE,berg_Gauge1160263_WE,6R,Commelina benghalensis,NA
2022,berg_Gauge1160263,WE,berg_Gauge1160263_WE,7L,Rumex cordatus,NA
2022,berg_Gauge1160263,WE,berg_Gauge1160263_WE,7R,Rumex cordatus,NA
2022,berg_Gauge1160263,WE,berg_Gauge1160263_WE,8L,Rumex cordatus,NA
2022,berg_Gauge1160263,WE,berg_Gauge1160263_WE,8R,Rumex cordatus,NA
2022,berg_Gauge1160263,WE,berg_Gauge1160263_WE,9L,NA,unidentified grass
2022,berg_Gauge1160263,WE,berg_Gauge1160263_WE,9R,Rumex cordatus,NA
2022,berg_Gauge1160265,NS,berg_Gauge1160265_NS,0L,Hypochaeris glabra,NA
2022,berg_Gauge1160265,NS,berg_Gauge1160265_NS,0R,Hypochaeris glabra,NA
2022,berg_Gauge1160265,NS,berg_Gauge1160265_NS,1L,Ehrharta longiflora,NA
2022,berg_Gauge1160265,NS,berg_Gauge1160265_NS,1R,Arctotheca calendula,NA
2022,berg_Gauge1160265,NS,berg_Gauge1160265_NS,2L,Arctotheca calendula,NA
2022,berg_Gauge1160265,NS,berg_Gauge1160265_NS,2R,Arctotheca calendula,NA
2022,berg_Gauge1160265,NS,berg_Gauge1160265_NS,3L,Arctotheca calendula,NA
2022,berg_Gauge1160265,NS,berg_Gauge1160265_NS,3R,Arctotheca calendula,NA
2022,berg_Gauge1160265,NS,berg_Gauge1160265_NS,4L,Dimorphotheca pluvialis,NA
2022,berg_Gauge1160265,NS,berg_Gauge1160265_NS,4R,Arctotheca calendula,NA
2022,berg_Gauge1160265,NS,berg_Gauge1160265_NS,5L,Cynodon dactylon,NA
2022,berg_Gauge1160265,NS,berg_Gauge1160265_NS,5R,Cynodon dactylon,NA
2022,berg_Gauge1160265,NS,berg_Gauge1160265_NS,6L,Arctotheca calendula,NA
2022,berg_Gauge1160265,NS,berg_Gauge1160265_NS,6R,Dimorphotheca pluvialis,NA
2022,berg_Gauge1160265,NS,berg_Gauge1160265_NS,7L,Dimorphotheca pluvialis,NA
2022,berg_Gauge1160265,NS,berg_Gauge1160265_NS,7R,Arctotheca calendula,NA
2022,berg_Gauge1160265,NS,berg_Gauge1160265_NS,8L,NA,bare ground
2022,berg_Gauge1160265,NS,berg_Gauge1160265_NS,8R,Arctotheca calendula,NA
2022,berg_Gauge1160265,NS,berg_Gauge1160265_NS,9L,Arctotheca calendula,NA
2022,berg_Gauge1160265,NS,berg_Gauge1160265_NS,9R,Dimorphotheca pluvialis,NA
2022,berg_Gauge1160265,NS,berg_Gauge1160265_NS,CL,Arctotheca calendula,NA
2022,berg_Gauge1160265,NS,berg_Gauge1160265_NS,CR,Arctotheca calendula,NA
2022,berg_Gauge1160265,WE,berg_Gauge1160265_WE,0L,Cynodon dactylon,NA
2022,berg_Gauge1160265,WE,berg_Gauge1160265_WE,0R,Dimorphotheca pluvialis,NA
2022,berg_Gauge1160265,WE,berg_Gauge1160265_WE,1L,Dimorphotheca pluvialis,NA
2022,berg_Gauge1160265,WE,berg_Gauge1160265_WE,1R,Dimorphotheca pluvialis,NA
2022,berg_Gauge1160265,WE,berg_Gauge1160265_WE,2L,Dimorphotheca pluvialis,NA
2022,berg_Gauge1160265,WE,berg_Gauge1160265_WE,2R,Cynodon dactylon,NA
2022,berg_Gauge1160265,WE,berg_Gauge1160265_WE,3L,Dimorphotheca pluvialis,NA
2022,berg_Gauge1160265,WE,berg_Gauge1160265_WE,3R,Arctotheca calendula,NA
2022,berg_Gauge1160265,WE,berg_Gauge1160265_WE,4L,Arctotheca calendula,NA
2022,berg_Gauge1160265,WE,berg_Gauge1160265_WE,4R,Arctotheca calendula,NA
2022,berg_Gauge1160265,WE,berg_Gauge1160265_WE,5L,Arctotheca calendula,NA
2022,berg_Gauge1160265,WE,berg_Gauge1160265_WE,5R,Arctotheca calendula,NA
2022,berg_Gauge1160265,WE,berg_Gauge1160265_WE,6L,Cynodon dactylon,NA
2022,berg_Gauge1160265,WE,berg_Gauge1160265_WE,6R,Arctotheca calendula,NA
2022,berg_Gauge1160265,WE,berg_Gauge1160265_WE,7L,NA,bare ground
2022,berg_Gauge1160265,WE,berg_Gauge1160265_WE,7R,NA,bare ground
2022,berg_Gauge1160265,WE,berg_Gauge1160265_WE,8L,Ehrharta longiflora,NA
2022,berg_Gauge1160265,WE,berg_Gauge1160265_WE,8R,Dimorphotheca pluvialis,NA
2022,berg_Gauge1160265,WE,berg_Gauge1160265_WE,9L,Geranium purpureum,NA
2022,berg_Gauge1160265,WE,berg_Gauge1160265_WE,9R,Arctotheca calendula,NA
2022,berg_Gauge1160266,NS,berg_Gauge1160266_NS,0L,Buddleja saligna,NA
2022,berg_Gauge1160266,NS,berg_Gauge1160266_NS,0R,Zantedeschia aethiopica,NA
2022,berg_Gauge1160266,NS,berg_Gauge1160266_NS,1L,Ehrharta calycina,NA
2022,berg_Gauge1160266,NS,berg_Gauge1160266_NS,1R,Oxalis pes-caprae,NA
2022,berg_Gauge1160266,NS,berg_Gauge1160266_NS,2L,Ehrharta calycina,NA
2022,berg_Gauge1160266,NS,berg_Gauge1160266_NS,2R,Bromus sp.,NA
2022,berg_Gauge1160266,NS,berg_Gauge1160266_NS,3L,Ehrharta calycina,NA
2022,berg_Gauge1160266,NS,berg_Gauge1160266_NS,3R,Ehrharta calycina,NA
2022,berg_Gauge1160266,NS,berg_Gauge1160266_NS,4L,Oxalis pes-caprae,NA
2022,berg_Gauge1160266,NS,berg_Gauge1160266_NS,4R,Oxalis pes-caprae,NA
2022,berg_Gauge1160266,NS,berg_Gauge1160266_NS,5L,Oxalis pes-caprae,NA
2022,berg_Gauge1160266,NS,berg_Gauge1160266_NS,5R,Galenia africana,NA
2022,berg_Gauge1160266,NS,berg_Gauge1160266_NS,6L,Oxalis pes-caprae,NA
2022,berg_Gauge1160266,NS,berg_Gauge1160266_NS,6R,Galenia africana,NA
2022,berg_Gauge1160266,NS,berg_Gauge1160266_NS,7L,Galenia africana,NA
2022,berg_Gauge1160266,NS,berg_Gauge1160266_NS,7R,NA,bare ground
2022,berg_Gauge1160266,NS,berg_Gauge1160266_NS,8L,Bromus sp.,NA
2022,berg_Gauge1160266,NS,berg_Gauge1160266_NS,8R,Bromus sp.,NA
2022,berg_Gauge1160266,NS,berg_Gauge1160266_NS,9L,Avena sativa,NA
2022,berg_Gauge1160266,NS,berg_Gauge1160266_NS,9R,Avena sativa,NA
2022,berg_Gauge1160266,NS,berg_Gauge1160266_NS,CL,Galenia africana,NA
2022,berg_Gauge1160266,NS,berg_Gauge1160266_NS,CR,Galenia africana,NA
2022,berg_Gauge1160266,WE,berg_Gauge1160266_WE,0L,Ehrharta calycina,NA
2022,berg_Gauge1160266,WE,berg_Gauge1160266_WE,0R,Melianthus major,NA
2022,berg_Gauge1160266,WE,berg_Gauge1160266_WE,1L,NA,bare ground
2022,berg_Gauge1160266,WE,berg_Gauge1160266_WE,1R,Ehrharta calycina,NA
2022,berg_Gauge1160266,WE,berg_Gauge1160266_WE,2L,Melianthus major,NA
2022,berg_Gauge1160266,WE,berg_Gauge1160266_WE,2R,Galenia africana,NA
2022,berg_Gauge1160266,WE,berg_Gauge1160266_WE,3L,Galenia africana,NA
2022,berg_Gauge1160266,WE,berg_Gauge1160266_WE,3R,Galenia africana,NA
2022,berg_Gauge1160266,WE,berg_Gauge1160266_WE,4L,Oxalis pes-caprae,NA
2022,berg_Gauge1160266,WE,berg_Gauge1160266_WE,4R,Galenia africana,NA
2022,berg_Gauge1160266,WE,berg_Gauge1160266_WE,5L,Galenia africana,NA
2022,berg_Gauge1160266,WE,berg_Gauge1160266_WE,5R,Galenia africana,NA
2022,berg_Gauge1160266,WE,berg_Gauge1160266_WE,6L,Avena sativa,NA
2022,berg_Gauge1160266,WE,berg_Gauge1160266_WE,6R,Bromus sp.,NA
2022,berg_Gauge1160266,WE,berg_Gauge1160266_WE,7L,Oxalis pes-caprae,NA
2022,berg_Gauge1160266,WE,berg_Gauge1160266_WE,7R,Galenia africana,NA
2022,berg_Gauge1160266,WE,berg_Gauge1160266_WE,8L,Avena sativa,NA
2022,berg_Gauge1160266,WE,berg_Gauge1160266_WE,8R,Bromus sp.,NA
2022,berg_Gauge1160266,WE,berg_Gauge1160266_WE,9L,Bromus sp.,NA
2022,berg_Gauge1160266,WE,berg_Gauge1160266_WE,9R,Bromus sp.,NA
2022,berg_Gauge1160295,NS,berg_Gauge1160295_NS,0L,NA,bare leaf litter
2022,berg_Gauge1160295,NS,berg_Gauge1160295_NS,0R,NA,bare leaf litter
2022,berg_Gauge1160295,NS,berg_Gauge1160295_NS,1L,NA,bare leaf litter
2022,berg_Gauge1160295,NS,berg_Gauge1160295_NS,1R,Pennisetum clandestinum,NA
2022,berg_Gauge1160295,NS,berg_Gauge1160295_NS,2L,NA,bare leaf litter
2022,berg_Gauge1160295,NS,berg_Gauge1160295_NS,2R,Oxalis pes-caprae,NA
2022,berg_Gauge1160295,NS,berg_Gauge1160295_NS,3L,NA,bare leaf litter
2022,berg_Gauge1160295,NS,berg_Gauge1160295_NS,3R,Basella alba,NA
2022,berg_Gauge1160295,NS,berg_Gauge1160295_NS,4L,Tropaeolum majus,NA
2022,berg_Gauge1160295,NS,berg_Gauge1160295_NS,4R,Melia azedarach,NA
2022,berg_Gauge1160295,NS,berg_Gauge1160295_NS,5L,Tropaeolum majus,NA
2022,berg_Gauge1160295,NS,berg_Gauge1160295_NS,5R,Pennisetum clandestinum,NA
2022,berg_Gauge1160295,NS,berg_Gauge1160295_NS,6L,Tropaeolum majus,NA
2022,berg_Gauge1160295,NS,berg_Gauge1160295_NS,6R,Pennisetum clandestinum,NA
2022,berg_Gauge1160295,NS,berg_Gauge1160295_NS,7L,Pennisetum clandestinum,NA
2022,berg_Gauge1160295,NS,berg_Gauge1160295_NS,7R,Pennisetum clandestinum,NA
2022,berg_Gauge1160295,NS,berg_Gauge1160295_NS,8L,Pennisetum clandestinum,NA
2022,berg_Gauge1160295,NS,berg_Gauge1160295_NS,8R,Pennisetum clandestinum,NA
2022,berg_Gauge1160295,NS,berg_Gauge1160295_NS,9L,NA,dead tree
2022,berg_Gauge1160295,NS,berg_Gauge1160295_NS,9R,Pennisetum clandestinum,NA
2022,berg_Gauge1160295,NS,berg_Gauge1160295_NS,CL,Tropaeolum majus,NA
2022,berg_Gauge1160295,NS,berg_Gauge1160295_NS,CR,Tropaeolum majus,NA
2022,berg_Gauge1160295,WE,berg_Gauge1160295_WE,0L,Avena sativa,NA
2022,berg_Gauge1160295,WE,berg_Gauge1160295_WE,0R,Oxalis pes-caprae,NA
2022,berg_Gauge1160295,WE,berg_Gauge1160295_WE,1L,Oxalis pes-caprae,NA
2022,berg_Gauge1160295,WE,berg_Gauge1160295_WE,1R,NA,leaf litter
2022,berg_Gauge1160295,WE,berg_Gauge1160295_WE,2L,Tropaeolum majus,NA
2022,berg_Gauge1160295,WE,berg_Gauge1160295_WE,2R,Tropaeolum majus,NA
2022,berg_Gauge1160295,WE,berg_Gauge1160295_WE,3L,Tropaeolum majus,NA
2022,berg_Gauge1160295,WE,berg_Gauge1160295_WE,3R,Tropaeolum majus,NA
2022,berg_Gauge1160295,WE,berg_Gauge1160295_WE,4L,Tropaeolum majus,NA
2022,berg_Gauge1160295,WE,berg_Gauge1160295_WE,4R,Tropaeolum majus,NA
2022,berg_Gauge1160295,WE,berg_Gauge1160295_WE,5L,Tropaeolum majus,NA
2022,berg_Gauge1160295,WE,berg_Gauge1160295_WE,5R,Pennisetum clandestinum,NA
2022,berg_Gauge1160295,WE,berg_Gauge1160295_WE,6L,Tropaeolum majus,NA
2022,berg_Gauge1160295,WE,berg_Gauge1160295_WE,6R,Pennisetum clandestinum,NA
2022,berg_Gauge1160295,WE,berg_Gauge1160295_WE,7L,Tropaeolum majus,NA
2022,berg_Gauge1160295,WE,berg_Gauge1160295_WE,7R,Tropaeolum majus,NA
2022,berg_Gauge1160295,WE,berg_Gauge1160295_WE,8L,Tropaeolum majus,NA
2022,berg_Gauge1160295,WE,berg_Gauge1160295_WE,8R,Tropaeolum majus,NA
2022,berg_Gauge1160295,WE,berg_Gauge1160295_WE,9L,Pennisetum clandestinum,NA
2022,berg_Gauge1160295,WE,berg_Gauge1160295_WE,9R,Pennisetum clandestinum,NA
2022,eerste_E1,NS,eerste_E1_NS,0L,Plantago major,NA
2022,eerste_E1,NS,eerste_E1_NS,0R,Lolium perenne,NA
2022,eerste_E1,NS,eerste_E1_NS,1L,Lolium perenne,NA
2022,eerste_E1,NS,eerste_E1_NS,1R,Hypochaeris radicata,NA
2022,eerste_E1,NS,eerste_E1_NS,2L,Verbena bonariensis,NA
2022,eerste_E1,NS,eerste_E1_NS,2R,Stellaria media,NA
2022,eerste_E1,NS,eerste_E1_NS,3L,Hirpicium sp.,NA
2022,eerste_E1,NS,eerste_E1_NS,3R,NA,Bare ground
2022,eerste_E1,NS,eerste_E1_NS,4L,Lolium perenne,NA
2022,eerste_E1,NS,eerste_E1_NS,4R,Echium plantagineum,NA
2022,eerste_E1,NS,eerste_E1_NS,5L,Stellaria media,NA
2022,eerste_E1,NS,eerste_E1_NS,5R,Ehrharta calycina,NA
2022,eerste_E1,NS,eerste_E1_NS,6L,Avena sativa,NA
2022,eerste_E1,NS,eerste_E1_NS,6R,Arctotheca sp.,NA
2022,eerste_E1,NS,eerste_E1_NS,7L,Echium vulgare,NA
2022,eerste_E1,NS,eerste_E1_NS,7R,Echium vulgare,NA
2022,eerste_E1,NS,eerste_E1_NS,8L,Ehrharta calycina,NA
2022,eerste_E1,NS,eerste_E1_NS,8R,Echium sp.,NA
2022,eerste_E1,NS,eerste_E1_NS,9L,Lolium perenne,NA
2022,eerste_E1,NS,eerste_E1_NS,9R,Ehrharta calycina,NA
2022,eerste_E1,NS,eerste_E1_NS,CL,Pennisetum clandestinum,NA
2022,eerste_E1,NS,eerste_E1_NS,CR,Senecio pterophorus,NA
2022,eerste_E1,WE,eerste_E1_WE,0L,Lolium perenne,NA
2022,eerste_E1,WE,eerste_E1_WE,0R,Oxalis pes-caprae,NA
2022,eerste_E1,WE,eerste_E1_WE,1L,Avena sativa,NA
2022,eerste_E1,WE,eerste_E1_WE,1R,Solanum nigrum,NA
2022,eerste_E1,WE,eerste_E1_WE,2L,Arctotis sp.,NA
2022,eerste_E1,WE,eerste_E1_WE,2R,Senecio pterophorus,NA
2022,eerste_E1,WE,eerste_E1_WE,3L,Echium plantagineum,NA
2022,eerste_E1,WE,eerste_E1_WE,3R,Lupinus angustifolius,NA
2022,eerste_E1,WE,eerste_E1_WE,4L,Tropaeolum majus,NA
2022,eerste_E1,WE,eerste_E1_WE,4R,Echium plantagineum,NA
2022,eerste_E1,WE,eerste_E1_WE,5L,Oxalis sp.,NA
2022,eerste_E1,WE,eerste_E1_WE,5R,Lolium perenne,NA
2022,eerste_E1,WE,eerste_E1_WE,6L,Solanum nigrum,NA
2022,eerste_E1,WE,eerste_E1_WE,6R,Lolium perenne,NA
2022,eerste_E1,WE,eerste_E1_WE,7L,Lolium perenne,NA
2022,eerste_E1,WE,eerste_E1_WE,7R,Lolium perenne,NA
2022,eerste_E1,WE,eerste_E1_WE,8L,Lolium perenne,NA
2022,eerste_E1,WE,eerste_E1_WE,8R,Lolium perenne,NA
2022,eerste_E1,WE,eerste_E1_WE,9L,Lolium perenne,NA
2022,eerste_E1,WE,eerste_E1_WE,9R,Erodium moschatum,NA
2022,eerste_E2,NS,eerste_E2_NS,0L,Pennisetum clandestinum,NA
2022,eerste_E2,NS,eerste_E2_NS,0R,Pennisetum clandestinum,NA
2022,eerste_E2,NS,eerste_E2_NS,1L,Pennisetum clandestinum,NA
2022,eerste_E2,NS,eerste_E2_NS,1R,Tropaeolum majus,NA
2022,eerste_E2,NS,eerste_E2_NS,2L,Tropaeolum majus,NA
2022,eerste_E2,NS,eerste_E2_NS,2R,Tropaeolum majus,NA
2022,eerste_E2,NS,eerste_E2_NS,3L,Tropaeolum majus,NA
2022,eerste_E2,NS,eerste_E2_NS,3R,Tropaeolum majus,NA
2022,eerste_E2,NS,eerste_E2_NS,4L,Tropaeolum majus,NA
2022,eerste_E2,NS,eerste_E2_NS,4R,Tropaeolum majus,NA
2022,eerste_E2,NS,eerste_E2_NS,5L,Tropaeolum majus,NA
2022,eerste_E2,NS,eerste_E2_NS,5R,Tropaeolum majus,NA
2022,eerste_E2,NS,eerste_E2_NS,6L,Tropaeolum majus,NA
2022,eerste_E2,NS,eerste_E2_NS,6R,Tropaeolum majus,NA
2022,eerste_E2,NS,eerste_E2_NS,7L,Pennisetum clandestinum,NA
2022,eerste_E2,NS,eerste_E2_NS,7R,Pennisetum clandestinum,NA
2022,eerste_E2,NS,eerste_E2_NS,8L,Pennisetum clandestinum,NA
2022,eerste_E2,NS,eerste_E2_NS,8R,Pennisetum clandestinum,NA
2022,eerste_E2,NS,eerste_E2_NS,9L,Cerastium sp.,NA
2022,eerste_E2,NS,eerste_E2_NS,9R,Sonchus oleraceus,NA
2022,eerste_E2,NS,eerste_E2_NS,CL,Tropaeolum majus,NA
2022,eerste_E2,NS,eerste_E2_NS,CR,Tropaeolum majus,NA
2022,eerste_E2,WE,eerste_E2_WE,0L,Tropaeolum majus,NA
2022,eerste_E2,WE,eerste_E2_WE,0R,Tropaeolum majus,NA
2022,eerste_E2,WE,eerste_E2_WE,1L,Pennisetum clandestinum,NA
2022,eerste_E2,WE,eerste_E2_WE,1R,Tropaeolum majus,NA
2022,eerste_E2,WE,eerste_E2_WE,2L,Tropaeolum majus,NA
2022,eerste_E2,WE,eerste_E2_WE,2R,Tropaeolum majus,NA
2022,eerste_E2,WE,eerste_E2_WE,3L,Tropaeolum majus,NA
2022,eerste_E2,WE,eerste_E2_WE,3R,Ricinus communis,NA
2022,eerste_E2,WE,eerste_E2_WE,4L,Tropaeolum majus,NA
2022,eerste_E2,WE,eerste_E2_WE,4R,Tropaeolum majus,NA
2022,eerste_E2,WE,eerste_E2_WE,5L,Tropaeolum majus,NA
2022,eerste_E2,WE,eerste_E2_WE,5R,Tropaeolum majus,NA
2022,eerste_E2,WE,eerste_E2_WE,6L,Tropaeolum majus,NA
2022,eerste_E2,WE,eerste_E2_WE,6R,Pennisetum clandestinum,NA
2022,eerste_E2,WE,eerste_E2_WE,7L,Tropaeolum majus,NA
2022,eerste_E2,WE,eerste_E2_WE,7R,Tropaeolum majus,NA
2022,eerste_E2,WE,eerste_E2_WE,8L,Tropaeolum majus,NA
2022,eerste_E2,WE,eerste_E2_WE,8R,Tropaeolum majus,NA
2022,eerste_E2,WE,eerste_E2_WE,9L,Tropaeolum majus,NA
2022,eerste_E2,WE,eerste_E2_WE,9R,Galium sp.,NA
2022,eerste_E3,NS,eerste_E3_NS,0L,Chasmanthe floribunda,NA
2022,eerste_E3,NS,eerste_E3_NS,0R,Chasmanthe floribunda,NA
2022,eerste_E3,NS,eerste_E3_NS,1L,Chasmanthe floribunda,NA
2022,eerste_E3,NS,eerste_E3_NS,1R,Chasmanthe floribunda,NA
2022,eerste_E3,NS,eerste_E3_NS,2L,Commelina benghalensis,NA
2022,eerste_E3,NS,eerste_E3_NS,2R,Commelina benghalensis,NA
2022,eerste_E3,NS,eerste_E3_NS,3L,Chasmanthe floribunda,NA
2022,eerste_E3,NS,eerste_E3_NS,3R,Chasmanthe floribunda,NA
2022,eerste_E3,NS,eerste_E3_NS,4L,Commelina benghalensis,NA
2022,eerste_E3,NS,eerste_E3_NS,4R,Chasmanthe floribunda,NA
2022,eerste_E3,NS,eerste_E3_NS,5L,Commelina benghalensis,NA
2022,eerste_E3,NS,eerste_E3_NS,5R,Galium sp.,NA
2022,eerste_E3,NS,eerste_E3_NS,6L,Chasmanthe floribunda,NA
2022,eerste_E3,NS,eerste_E3_NS,6R,Vinca major,NA
2022,eerste_E3,NS,eerste_E3_NS,7L,Commelina benghalensis,NA
2022,eerste_E3,NS,eerste_E3_NS,7R,Commelina benghalensis,NA
2022,eerste_E3,NS,eerste_E3_NS,8L,Commelina benghalensis,NA
2022,eerste_E3,NS,eerste_E3_NS,8R,Commelina benghalensis,NA
2022,eerste_E3,NS,eerste_E3_NS,9L,Commelina benghalensis,NA
2022,eerste_E3,NS,eerste_E3_NS,9R,Commelina benghalensis,NA
2022,eerste_E3,NS,eerste_E3_NS,CL,Commelina benghalensis,NA
2022,eerste_E3,NS,eerste_E3_NS,CR,Kiggelaria africana,NA
2022,eerste_E3,WE,eerste_E3_WE,0L,Chasmanthe floribunda,NA
2022,eerste_E3,WE,eerste_E3_WE,0R,Chasmanthe floribunda,NA
2022,eerste_E3,WE,eerste_E3_WE,1L,Chasmanthe floribunda,NA
2022,eerste_E3,WE,eerste_E3_WE,1R,Chasmanthe floribunda,NA
2022,eerste_E3,WE,eerste_E3_WE,2L,Chasmanthe floribunda,NA
2022,eerste_E3,WE,eerste_E3_WE,2R,Chasmanthe floribunda,NA
2022,eerste_E3,WE,eerste_E3_WE,3L,Chasmanthe floribunda,NA
2022,eerste_E3,WE,eerste_E3_WE,3R,Erodium moschatum,NA
2022,eerste_E3,WE,eerste_E3_WE,4L,Chasmanthe floribunda,NA
2022,eerste_E3,WE,eerste_E3_WE,4R,Chasmanthe floribunda,NA
2022,eerste_E3,WE,eerste_E3_WE,5L,Chasmanthe floribunda,NA
2022,eerste_E3,WE,eerste_E3_WE,5R,Commelina benghalensis,NA
2022,eerste_E3,WE,eerste_E3_WE,6L,Commelina benghalensis,NA
2022,eerste_E3,WE,eerste_E3_WE,6R,Commelina benghalensis,NA
2022,eerste_E3,WE,eerste_E3_WE,7L,Commelina benghalensis,NA
2022,eerste_E3,WE,eerste_E3_WE,7R,Sporobolus sp.,NA
2022,eerste_E3,WE,eerste_E3_WE,8L,Commelina benghalensis,NA
2022,eerste_E3,WE,eerste_E3_WE,8R,Galium sp.,NA
2022,eerste_E3,WE,eerste_E3_WE,9L,Commelina benghalensis,NA
2022,eerste_E3,WE,eerste_E3_WE,9R,Commelina benghalensis,NA
2022,eerste_E4,NS,eerste_E4_NS,0L,Pteridium aquilinum,NA
2022,eerste_E4,NS,eerste_E4_NS,0R,Restio eleocharis,NA
2022,eerste_E4,NS,eerste_E4_NS,1L,Pteridium aquilinum,NA
2022,eerste_E4,NS,eerste_E4_NS,1R,Restio eleocharis,NA
2022,eerste_E4,NS,eerste_E4_NS,2L,Restio subverticellatus,NA
2022,eerste_E4,NS,eerste_E4_NS,2R,Pteridium aquilinum,NA
2022,eerste_E4,NS,eerste_E4_NS,3L,Halleria lucida,NA
2022,eerste_E4,NS,eerste_E4_NS,3R,Pteridium aquilinum,NA
2022,eerste_E4,NS,eerste_E4_NS,4L,Halleria lucida,NA
2022,eerste_E4,NS,eerste_E4_NS,4R,Restio subverticellatus,NA
2022,eerste_E4,NS,eerste_E4_NS,5L,Halleria lucida,NA
2022,eerste_E4,NS,eerste_E4_NS,5R,Pteridium aquilinum,NA
2022,eerste_E4,NS,eerste_E4_NS,6L,Halleria lucida,NA
2022,eerste_E4,NS,eerste_E4_NS,6R,Pteridium aquilinum,NA
2022,eerste_E4,NS,eerste_E4_NS,7L,Pteridium aquilinum,NA
2022,eerste_E4,NS,eerste_E4_NS,7R,Phylica sp.,NA
2022,eerste_E4,NS,eerste_E4_NS,8L,Danthonia sp.,NA
2022,eerste_E4,NS,eerste_E4_NS,8R,Halleria lucida,NA
2022,eerste_E4,NS,eerste_E4_NS,9L,Elegia capensis,NA
2022,eerste_E4,NS,eerste_E4_NS,9R,Pteridium aquilinum,NA
2022,eerste_E4,NS,eerste_E4_NS,CL,Pteridium aquilinum,NA
2022,eerste_E4,NS,eerste_E4_NS,CR,Pteridium aquilinum,NA
2022,eerste_E4,WE,eerste_E4_WE,0L,Danthonia sp.,NA
2022,eerste_E4,WE,eerste_E4_WE,0R,Danthonia sp.,NA
2022,eerste_E4,WE,eerste_E4_WE,1L,Halleria lucida,NA
2022,eerste_E4,WE,eerste_E4_WE,1R,Restio sp.,NA
2022,eerste_E4,WE,eerste_E4_WE,2L,Pteridium aquilinum,NA
2022,eerste_E4,WE,eerste_E4_WE,2R,Brabejum stellatifolium,NA
2022,eerste_E4,WE,eerste_E4_WE,3L,Halleria lucida,NA
2022,eerste_E4,WE,eerste_E4_WE,3R,Danthonia sp.,NA
2022,eerste_E4,WE,eerste_E4_WE,4L,Halleria lucida,NA
2022,eerste_E4,WE,eerste_E4_WE,4R,Danthonia sp.,NA
2022,eerste_E4,WE,eerste_E4_WE,5L,Pelargonium alchemilloides,NA
2022,eerste_E4,WE,eerste_E4_WE,5R,Pseudoselago spuria,NA
2022,eerste_E4,WE,eerste_E4_WE,6L,Pteridium aquilinum,NA
2022,eerste_E4,WE,eerste_E4_WE,6R,Pteridium aquilinum,NA
2022,eerste_E4,WE,eerste_E4_WE,7L,Pteridium aquilinum,NA
2022,eerste_E4,WE,eerste_E4_WE,7R,Brabejum stellatifolium,NA
2022,eerste_E4,WE,eerste_E4_WE,8L,Cassytha ciliolata,NA
2022,eerste_E4,WE,eerste_E4_WE,8R,Brabejum stellatifolium,NA
2022,eerste_E4,WE,eerste_E4_WE,9L,NA,Unidentified grass
2022,eerste_E4,WE,eerste_E4_WE,9R,Pteridium aquilinum,NA
2023,berg_B10,NS,berg_B10_NS,0L,Pennisetum macrourum,NA
2023,berg_B10,NS,berg_B10_NS,0R,Pennisetum macrourum,NA
2023,berg_B10,NS,berg_B10_NS,1L,Pennisetum macrourum,NA
2023,berg_B10,NS,berg_B10_NS,1R,Pennisetum macrourum,NA
2023,berg_B10,NS,berg_B10_NS,2L,Pennisetum macrourum,NA
2023,berg_B10,NS,berg_B10_NS,2R,Pennisetum macrourum,NA
2023,berg_B10,NS,berg_B10_NS,3L,Cynodon dactylon,NA
2023,berg_B10,NS,berg_B10_NS,3R,Lolium perenne,NA
2023,berg_B10,NS,berg_B10_NS,4L,Cynodon dactylon,NA
2023,berg_B10,NS,berg_B10_NS,4R,Persicaria decipiens,NA
2023,berg_B10,NS,berg_B10_NS,5L,Nothoscordum gracile,NA
2023,berg_B10,NS,berg_B10_NS,5R,Pennisetum macrourum,NA
2023,berg_B10,NS,berg_B10_NS,6L,Pennisetum macrourum,NA
2023,berg_B10,NS,berg_B10_NS,6R,Pennisetum macrourum,NA
2023,berg_B10,NS,berg_B10_NS,7L,Pennisetum macrourum,NA
2023,berg_B10,NS,berg_B10_NS,7R,Pennisetum macrourum,NA
2023,berg_B10,NS,berg_B10_NS,8L,Pennisetum macrourum,NA
2023,berg_B10,NS,berg_B10_NS,8R,Pennisetum macrourum,NA
2023,berg_B10,NS,berg_B10_NS,9L,Pennisetum macrourum,NA
2023,berg_B10,NS,berg_B10_NS,9R,Pennisetum macrourum,NA
2023,berg_B10,NS,berg_B10_NS,CL,Cynodon dactylon,NA
2023,berg_B10,NS,berg_B10_NS,CR,Persicaria decipiens,NA
2023,berg_B10,WE,berg_B10_WE,0L,Lolium sp.,NA
2023,berg_B10,WE,berg_B10_WE,0R,Cynodon dactylon,NA
2023,berg_B10,WE,berg_B10_WE,1L,Lolium sp.,NA
2023,berg_B10,WE,berg_B10_WE,1R,Cynodon dactylon,NA
2023,berg_B10,WE,berg_B10_WE,2L,Lolium sp.,NA
2023,berg_B10,WE,berg_B10_WE,2R,Cynodon dactylon,NA
2023,berg_B10,WE,berg_B10_WE,3L,Pennisetum macrourum,NA
2023,berg_B10,WE,berg_B10_WE,3R,Lolium sp.,NA
2023,berg_B10,WE,berg_B10_WE,4L,Salix babylonica,NA
2023,berg_B10,WE,berg_B10_WE,4R,Persicaria decipiens,NA
2023,berg_B10,WE,berg_B10_WE,5L,Pennisetum macrourum,NA
2023,berg_B10,WE,berg_B10_WE,5R,Avena fatua,NA
2023,berg_B10,WE,berg_B10_WE,6L,Pennisetum macrourum,NA
2023,berg_B10,WE,berg_B10_WE,6R,Pennisetum macrourum,NA
2023,berg_B10,WE,berg_B10_WE,7L,Pennisetum macrourum,NA
2023,berg_B10,WE,berg_B10_WE,7R,Rumex acetosella   ,NA
2023,berg_B10,WE,berg_B10_WE,8L,Pennisetum macrourum,NA
2023,berg_B10,WE,berg_B10_WE,8R,Lolium sp.,NA
2023,berg_B10,WE,berg_B10_WE,9L,Raphanus raphanistrum,NA
2023,berg_B10,WE,berg_B10_WE,9R,Eragrostis curvula,NA
2023,berg_B11,NS,berg_B11_NS,0L,Pennisetum clandestinum,NA
2023,berg_B11,NS,berg_B11_NS,0R,Pennisetum clandestinum,NA
2023,berg_B11,NS,berg_B11_NS,1L,Pennisetum clandestinum,NA
2023,berg_B11,NS,berg_B11_NS,1R,Pennisetum clandestinum,NA
2023,berg_B11,NS,berg_B11_NS,2L,Pennisetum clandestinum,NA
2023,berg_B11,NS,berg_B11_NS,2R,Pennisetum clandestinum,NA
2023,berg_B11,NS,berg_B11_NS,3L,Pennisetum clandestinum,NA
2023,berg_B11,NS,berg_B11_NS,3R,Pennisetum clandestinum,NA
2023,berg_B11,NS,berg_B11_NS,4L,Bromus diandrus,NA
2023,berg_B11,NS,berg_B11_NS,4R,Pennisetum clandestinum,NA
2023,berg_B11,NS,berg_B11_NS,5L,Pennisetum clandestinum,NA
2023,berg_B11,NS,berg_B11_NS,5R,Pennisetum clandestinum,NA
2023,berg_B11,NS,berg_B11_NS,6L,Pennisetum clandestinum,NA
2023,berg_B11,NS,berg_B11_NS,6R,Pennisetum clandestinum,NA
2023,berg_B11,NS,berg_B11_NS,7L,Pennisetum clandestinum,NA
2023,berg_B11,NS,berg_B11_NS,7R,Pennisetum clandestinum,NA
2023,berg_B11,NS,berg_B11_NS,8L,Avena fatua,NA
2023,berg_B11,NS,berg_B11_NS,8R,Pennisetum clandestinum,NA
2023,berg_B11,NS,berg_B11_NS,9L,Pennisetum clandestinum,NA
2023,berg_B11,NS,berg_B11_NS,9R,Pennisetum clandestinum,NA
2023,berg_B11,NS,berg_B11_NS,CL,Pennisetum clandestinum,NA
2023,berg_B11,NS,berg_B11_NS,CR,Bromus diandrus,NA
2023,berg_B11,WE,berg_B11_WE,0L,Ehrharta calycina,NA
2023,berg_B11,WE,berg_B11_WE,0R,Pennisetum clandestinum,NA
2023,berg_B11,WE,berg_B11_WE,1L,Avena fatua,NA
2023,berg_B11,WE,berg_B11_WE,1R,Pennisetum clandestinum,NA
2023,berg_B11,WE,berg_B11_WE,2L,Lolium multiflorum,NA
2023,berg_B11,WE,berg_B11_WE,2R,Bromus diandrus,NA
2023,berg_B11,WE,berg_B11_WE,3L,Lolium multiflorum,NA
2023,berg_B11,WE,berg_B11_WE,3R,Pennisetum clandestinum,NA
2023,berg_B11,WE,berg_B11_WE,4L,Lolium multiflorum,NA
2023,berg_B11,WE,berg_B11_WE,4R,Bromus diandrus,NA
2023,berg_B11,WE,berg_B11_WE,5L,Pennisetum clandestinum,NA
2023,berg_B11,WE,berg_B11_WE,5R,NA,unknown dead grass
2023,berg_B11,WE,berg_B11_WE,6L,Pennisetum clandestinum,NA
2023,berg_B11,WE,berg_B11_WE,6R,Pennisetum clandestinum,NA
2023,berg_B11,WE,berg_B11_WE,7L,Avena fatua,NA
2023,berg_B11,WE,berg_B11_WE,7R,Pennisetum clandestinum,NA
2023,berg_B11,WE,berg_B11_WE,8L,Bromus diandrus,NA
2023,berg_B11,WE,berg_B11_WE,8R,Pennisetum clandestinum,NA
2023,berg_B11,WE,berg_B11_WE,9L,Pennisetum clandestinum,NA
2023,berg_B11,WE,berg_B11_WE,9R,Pennisetum clandestinum,NA
2023,berg_B12,NS,berg_B12_NS,0L,Bromus catharticus,NA
2023,berg_B12,NS,berg_B12_NS,0R,Persicaria senegalensis,NA
2023,berg_B12,NS,berg_B12_NS,1L,NA,Bare soil
2023,berg_B12,NS,berg_B12_NS,1R,Persicaria senegalensis,NA
2023,berg_B12,NS,berg_B12_NS,2L,Rumex crispus,NA
2023,berg_B12,NS,berg_B12_NS,2R,Lolium perenne,NA
2023,berg_B12,NS,berg_B12_NS,3L,NA,Bare soil
2023,berg_B12,NS,berg_B12_NS,3R,Xanthium strumarium,NA
2023,berg_B12,NS,berg_B12_NS,4L,Solanum nigrum,NA
2023,berg_B12,NS,berg_B12_NS,4R,NA,Bare soil
2023,berg_B12,NS,berg_B12_NS,5L,Persicaria senegalensis,NA
2023,berg_B12,NS,berg_B12_NS,5R,Solanum nigrum,NA
2023,berg_B12,NS,berg_B12_NS,6L,Lolium perenne,NA
2023,berg_B12,NS,berg_B12_NS,6R,Persicaria senegalensis,NA
2023,berg_B12,NS,berg_B12_NS,7L,Persicaria senegalensis,NA
2023,berg_B12,NS,berg_B12_NS,7R,Lolium perenne,NA
2023,berg_B12,NS,berg_B12_NS,8L,Lolium perenne,NA
2023,berg_B12,NS,berg_B12_NS,8R,Lolium perenne,NA
2023,berg_B12,NS,berg_B12_NS,9L,Senecio pterophorus,NA
2023,berg_B12,NS,berg_B12_NS,9R,Senecio pterophorus,NA
2023,berg_B12,NS,berg_B12_NS,CL,NA,Bare soil
2023,berg_B12,NS,berg_B12_NS,CR,Lolium perenne,NA
2023,berg_B12,WE,berg_B12_WE,0L,Persicaria senegalensis,NA
2023,berg_B12,WE,berg_B12_WE,0R,NA,Stump
2023,berg_B12,WE,berg_B12_WE,1L,NA,Bare Soil
2023,berg_B12,WE,berg_B12_WE,1R,Eucalyptus camaldulensis,NA
2023,berg_B12,WE,berg_B12_WE,2L,NA,Bare Soil
2023,berg_B12,WE,berg_B12_WE,2R,NA,Bare Soil
2023,berg_B12,WE,berg_B12_WE,3L,Lolium perenne,NA
2023,berg_B12,WE,berg_B12_WE,3R,Lolium perenne,NA
2023,berg_B12,WE,berg_B12_WE,4L,Lolium perenne,NA
2023,berg_B12,WE,berg_B12_WE,4R,Senecio pterophorus,NA
2023,berg_B12,WE,berg_B12_WE,5L,Senecio pterophorus,NA
2023,berg_B12,WE,berg_B12_WE,5R,Xanthium strumarium,NA
2023,berg_B12,WE,berg_B12_WE,6L,Polygonum aviculare,NA
2023,berg_B12,WE,berg_B12_WE,6R,Persicaria senegalensis,NA
2023,berg_B12,WE,berg_B12_WE,7L,Lolium perenne,NA
2023,berg_B12,WE,berg_B12_WE,7R,Persicaria senegalensis,NA
2023,berg_B12,WE,berg_B12_WE,8L,Phragmites australis,NA
2023,berg_B12,WE,berg_B12_WE,8R,Phragmites australis,NA
2023,berg_B12,WE,berg_B12_WE,9L,NA,Bare Soil
2023,berg_B12,WE,berg_B12_WE,9R,Phragmites australis,NA
2023,berg_B13,NS,berg_B13_NS,0L,Kiggelaria africana,NA
2023,berg_B13,NS,berg_B13_NS,0R,Kiggelaria africana,NA
2023,berg_B13,NS,berg_B13_NS,1L,Kiggelaria africana,NA
2023,berg_B13,NS,berg_B13_NS,1R,Kiggelaria africana,NA
2023,berg_B13,NS,berg_B13_NS,2L,Eucalyptus camaldulensis,NA
2023,berg_B13,NS,berg_B13_NS,2R,Kiggelaria africana,NA
2023,berg_B13,NS,berg_B13_NS,3L,NA,Dead plants
2023,berg_B13,NS,berg_B13_NS,3R,Bromus diandrus,NA
2023,berg_B13,NS,berg_B13_NS,4L,Echium plantagineum,NA
2023,berg_B13,NS,berg_B13_NS,4R,Echium plantagineum,NA
2023,berg_B13,NS,berg_B13_NS,5L,Senecio pterophorus,NA
2023,berg_B13,NS,berg_B13_NS,5R,Senecio pterophorus,NA
2023,berg_B13,NS,berg_B13_NS,6L,Ehrharta longiflora,NA
2023,berg_B13,NS,berg_B13_NS,6R,Ehrharta longiflora,NA
2023,berg_B13,NS,berg_B13_NS,7L,Ehrharta longiflora,NA
2023,berg_B13,NS,berg_B13_NS,7R,Kiggelaria africana,NA
2023,berg_B13,NS,berg_B13_NS,8L,Ehrharta longiflora,NA
2023,berg_B13,NS,berg_B13_NS,8R,Echium plantagineum,NA
2023,berg_B13,NS,berg_B13_NS,9L,Ehrharta longiflora,NA
2023,berg_B13,NS,berg_B13_NS,9R,Ehrharta longiflora,NA
2023,berg_B13,NS,berg_B13_NS,CL,Echium plantagineum,NA
2023,berg_B13,NS,berg_B13_NS,CR,Echium plantagineum,NA
2023,berg_B13,WE,berg_B13_WE,0L,Ehrharta longiflora,NA
2023,berg_B13,WE,berg_B13_WE,0R,Senecio pterophorus,NA
2023,berg_B13,WE,berg_B13_WE,1L,Senecio pterophorus,NA
2023,berg_B13,WE,berg_B13_WE,1R,Senecio pterophorus,NA
2023,berg_B13,WE,berg_B13_WE,2L,Senecio pterophorus,NA
2023,berg_B13,WE,berg_B13_WE,2R,Senecio pterophorus,NA
2023,berg_B13,WE,berg_B13_WE,3L,Senecio pterophorus,NA
2023,berg_B13,WE,berg_B13_WE,3R,Senecio pterophorus,NA
2023,berg_B13,WE,berg_B13_WE,4L,Senecio pterophorus,NA
2023,berg_B13,WE,berg_B13_WE,4R,Ehrharta longiflora,NA
2023,berg_B13,WE,berg_B13_WE,5L,Echium plantagineum,NA
2023,berg_B13,WE,berg_B13_WE,5R,Echium plantagineum,NA
2023,berg_B13,WE,berg_B13_WE,6L,Pennisetum clandestinum,NA
2023,berg_B13,WE,berg_B13_WE,6R,Pennisetum clandestinum,NA
2023,berg_B13,WE,berg_B13_WE,7L,Pennisetum clandestinum,NA
2023,berg_B13,WE,berg_B13_WE,7R,Pennisetum clandestinum,NA
2023,berg_B13,WE,berg_B13_WE,8L,Searsia glauca,NA
2023,berg_B13,WE,berg_B13_WE,8R,Pennisetum clandestinum,NA
2023,berg_B13,WE,berg_B13_WE,9L,Kiggelaria africana,NA
2023,berg_B13,WE,berg_B13_WE,9R,Kiggelaria africana,NA
2023,berg_B14,NS,berg_B14_NS,0L,Lolium arundinaceum,NA
2023,berg_B14,NS,berg_B14_NS,0R,Bromus diandrus,NA
2023,berg_B14,NS,berg_B14_NS,1L,Pennisetum clandestinum,NA
2023,berg_B14,NS,berg_B14_NS,1R,Pennisetum clandestinum,NA
2023,berg_B14,NS,berg_B14_NS,2L,Pennisetum clandestinum,NA
2023,berg_B14,NS,berg_B14_NS,2R,Pennisetum clandestinum,NA
2023,berg_B14,NS,berg_B14_NS,3L,Bromus diandrus,NA
2023,berg_B14,NS,berg_B14_NS,3R,Bromus diandrus,NA
2023,berg_B14,NS,berg_B14_NS,4L,Bromus diandrus,NA
2023,berg_B14,NS,berg_B14_NS,4R,Pennisetum clandestinum,NA
2023,berg_B14,NS,berg_B14_NS,5L,Erodium moschatum,NA
2023,berg_B14,NS,berg_B14_NS,5R,NA,Bare Ground
2023,berg_B14,NS,berg_B14_NS,6L,Erodium moschatum,NA
2023,berg_B14,NS,berg_B14_NS,6R,Polygonum aviculare,NA
2023,berg_B14,NS,berg_B14_NS,7L,Lolium perenne,NA
2023,berg_B14,NS,berg_B14_NS,7R,Lobelia erinus,NA
2023,berg_B14,NS,berg_B14_NS,8L,Cynodon dactylon,NA
2023,berg_B14,NS,berg_B14_NS,8R,Cynodon dactylon,NA
2023,berg_B14,NS,berg_B14_NS,9L,Erodium moschatum,NA
2023,berg_B14,NS,berg_B14_NS,9R,Ehrharta longiflora,NA
2023,berg_B14,NS,berg_B14_NS,CL,Avena fatua,NA
2023,berg_B14,NS,berg_B14_NS,CR,Avena fatua,NA
2023,berg_B14,WE,berg_B14_WE,0L,Pennisetum clandestinum,NA
2023,berg_B14,WE,berg_B14_WE,0R,Pennisetum clandestinum,NA
2023,berg_B14,WE,berg_B14_WE,1L,Pennisetum clandestinum,NA
2023,berg_B14,WE,berg_B14_WE,1R,Pennisetum clandestinum,NA
2023,berg_B14,WE,berg_B14_WE,2L,Lolium perenne,NA
2023,berg_B14,WE,berg_B14_WE,2R,Lolium arundinaceum,NA
2023,berg_B14,WE,berg_B14_WE,3L,Avena fatua,NA
2023,berg_B14,WE,berg_B14_WE,3R,Bromus diandrus,NA
2023,berg_B14,WE,berg_B14_WE,4L,Pennisetum clandestinum,NA
2023,berg_B14,WE,berg_B14_WE,4R,Lolium arundinaceum,NA
2023,berg_B14,WE,berg_B14_WE,5L,Erodium moschatum,NA
2023,berg_B14,WE,berg_B14_WE,5R,NA,BG
2023,berg_B14,WE,berg_B14_WE,6L,Polycarpon tetraphyllum,NA
2023,berg_B14,WE,berg_B14_WE,6R,Bromus diandrus,NA
2023,berg_B14,WE,berg_B14_WE,7L,Polycarpon tetraphyllum,NA
2023,berg_B14,WE,berg_B14_WE,7R,Polycarpon tetraphyllum,NA
2023,berg_B14,WE,berg_B14_WE,8L,Lolium perenne,NA
2023,berg_B14,WE,berg_B14_WE,8R,Pennisetum clandestinum,NA
2023,berg_B14,WE,berg_B14_WE,9L,Avena fatua,NA
2023,berg_B14,WE,berg_B14_WE,9R,Pennisetum clandestinum,NA
2023,berg_B15,NS,berg_B15_NS,0L,Phragmites australis,NA
2023,berg_B15,NS,berg_B15_NS,0R,Phragmites australis,NA
2023,berg_B15,NS,berg_B15_NS,1L,Phragmites australis,NA
2023,berg_B15,NS,berg_B15_NS,1R,Phragmites australis,NA
2023,berg_B15,NS,berg_B15_NS,2L,Phragmites australis,NA
2023,berg_B15,NS,berg_B15_NS,2R,Phragmites australis,NA
2023,berg_B15,NS,berg_B15_NS,3L,Phragmites australis,NA
2023,berg_B15,NS,berg_B15_NS,3R,Phragmites australis,NA
2023,berg_B15,NS,berg_B15_NS,4L,Phragmites australis,NA
2023,berg_B15,NS,berg_B15_NS,4R,Phragmites australis,NA
2023,berg_B15,NS,berg_B15_NS,5L,Phragmites australis,NA
2023,berg_B15,NS,berg_B15_NS,5R,Phragmites australis,NA
2023,berg_B15,NS,berg_B15_NS,6L,Phragmites australis,NA
2023,berg_B15,NS,berg_B15_NS,6R,Phragmites australis,NA
2023,berg_B15,NS,berg_B15_NS,7L,Phragmites australis,NA
2023,berg_B15,NS,berg_B15_NS,7R,Phragmites australis,NA
2023,berg_B15,NS,berg_B15_NS,8L,Phragmites australis,NA
2023,berg_B15,NS,berg_B15_NS,8R,Phragmites australis,NA
2023,berg_B15,NS,berg_B15_NS,9L,Phragmites australis,NA
2023,berg_B15,NS,berg_B15_NS,9R,Phragmites australis,NA
2023,berg_B15,NS,berg_B15_NS,CL,Phragmites australis,NA
2023,berg_B15,NS,berg_B15_NS,CR,Phragmites australis,NA
2023,berg_B15,WE,berg_B15_WE,0L,Phragmites australis,NA
2023,berg_B15,WE,berg_B15_WE,0R,Phragmites australis,NA
2023,berg_B15,WE,berg_B15_WE,1L,Phragmites australis,NA
2023,berg_B15,WE,berg_B15_WE,1R,Phragmites australis,NA
2023,berg_B15,WE,berg_B15_WE,2L,Phragmites australis,NA
2023,berg_B15,WE,berg_B15_WE,2R,Phragmites australis,NA
2023,berg_B15,WE,berg_B15_WE,3L,Phragmites australis,NA
2023,berg_B15,WE,berg_B15_WE,3R,Phragmites australis,NA
2023,berg_B15,WE,berg_B15_WE,4L,Phragmites australis,NA
2023,berg_B15,WE,berg_B15_WE,4R,Phragmites australis,NA
2023,berg_B15,WE,berg_B15_WE,5L,Phragmites australis,NA
2023,berg_B15,WE,berg_B15_WE,5R,Phragmites australis,NA
2023,berg_B15,WE,berg_B15_WE,6L,Phragmites australis,NA
2023,berg_B15,WE,berg_B15_WE,6R,Phragmites australis,NA
2023,berg_B15,WE,berg_B15_WE,7L,Phragmites australis,NA
2023,berg_B15,WE,berg_B15_WE,7R,Phragmites australis,NA
2023,berg_B15,WE,berg_B15_WE,8L,Phragmites australis,NA
2023,berg_B15,WE,berg_B15_WE,8R,Phragmites australis,NA
2023,berg_B15,WE,berg_B15_WE,9L,Phragmites australis,NA
2023,berg_B15,WE,berg_B15_WE,9R,Phragmites australis,NA
2023,berg_B16,NS,berg_B16_NS,0L,Lolium perenne,NA
2023,berg_B16,NS,berg_B16_NS,0R,Rumex crispus,NA
2023,berg_B16,NS,berg_B16_NS,1L,NA,dead veg
2023,berg_B16,NS,berg_B16_NS,1R,NA,dead veg
2023,berg_B16,NS,berg_B16_NS,2L,Pennisetum macrourum,NA
2023,berg_B16,NS,berg_B16_NS,2R,Pennisetum macrourum,NA
2023,berg_B16,NS,berg_B16_NS,3L,Pennisetum macrourum,NA
2023,berg_B16,NS,berg_B16_NS,3R,Pennisetum macrourum,NA
2023,berg_B16,NS,berg_B16_NS,4L,Rumex crispus,NA
2023,berg_B16,NS,berg_B16_NS,4R,Pennisetum macrourum,NA
2023,berg_B16,NS,berg_B16_NS,5L,Rumex crispus,NA
2023,berg_B16,NS,berg_B16_NS,5R,Lolium perenne,NA
2023,berg_B16,NS,berg_B16_NS,6L,Pennisetum macrourum,NA
2023,berg_B16,NS,berg_B16_NS,6R,Pennisetum macrourum,NA
2023,berg_B16,NS,berg_B16_NS,7L,Pennisetum macrourum,NA
2023,berg_B16,NS,berg_B16_NS,7R,Pennisetum macrourum,NA
2023,berg_B16,NS,berg_B16_NS,8L,Pennisetum macrourum,NA
2023,berg_B16,NS,berg_B16_NS,8R,Pennisetum macrourum,NA
2023,berg_B16,NS,berg_B16_NS,9L,Pennisetum macrourum,NA
2023,berg_B16,NS,berg_B16_NS,9R,Pennisetum macrourum,NA
2023,berg_B16,NS,berg_B16_NS,CL,Rumex crispus,NA
2023,berg_B16,NS,berg_B16_NS,CR,Pennisetum macrourum,NA
2023,berg_B16,WE,berg_B16_WE,0L,Rumex cordatus,NA
2023,berg_B16,WE,berg_B16_WE,0R,Rumex crispus,NA
2023,berg_B16,WE,berg_B16_WE,1L,NA,unknown grass
2023,berg_B16,WE,berg_B16_WE,1R,Rumex crispus,NA
2023,berg_B16,WE,berg_B16_WE,2L,Lolium perenne,NA
2023,berg_B16,WE,berg_B16_WE,2R,Lolium perenne,NA
2023,berg_B16,WE,berg_B16_WE,3L,Lolium perenne,NA
2023,berg_B16,WE,berg_B16_WE,3R,Lolium perenne,NA
2023,berg_B16,WE,berg_B16_WE,4L,Lolium perenne,NA
2023,berg_B16,WE,berg_B16_WE,4R,Pennisetum macrourum,NA
2023,berg_B16,WE,berg_B16_WE,5L,Rumex cordatus,NA
2023,berg_B16,WE,berg_B16_WE,5R,Rumex crispus,NA
2023,berg_B16,WE,berg_B16_WE,6L,Rumex cordatus,NA
2023,berg_B16,WE,berg_B16_WE,6R,Pennisetum macrourum,NA
2023,berg_B16,WE,berg_B16_WE,7L,Rumex crispus,NA
2023,berg_B16,WE,berg_B16_WE,7R,Rumex cordatus,NA
2023,berg_B16,WE,berg_B16_WE,8L,Rumex cordatus,NA
2023,berg_B16,WE,berg_B16_WE,8R,Rumex cordatus,NA
2023,berg_B16,WE,berg_B16_WE,9L,Lolium perenne,NA
2023,berg_B16,WE,berg_B16_WE,9R,Rumex cordatus,NA
2023,berg_B17,NS,berg_B17_NS,0L,Cyperus eragrostis,NA
2023,berg_B17,NS,berg_B17_NS,0R,Cyperus eragrostis,NA
2023,berg_B17,NS,berg_B17_NS,1L,Cyperus eragrostis,NA
2023,berg_B17,NS,berg_B17_NS,1R,Cyperus eragrostis,NA
2023,berg_B17,NS,berg_B17_NS,2L,Mentha longifolia,NA
2023,berg_B17,NS,berg_B17_NS,2R,Cyperus eragrostis,NA
2023,berg_B17,NS,berg_B17_NS,3L,Cliffortia strobilifera,NA
2023,berg_B17,NS,berg_B17_NS,3R,Cliffortia strobilifera,NA
2023,berg_B17,NS,berg_B17_NS,4L,Cliffortia strobilifera,NA
2023,berg_B17,NS,berg_B17_NS,4R,Cliffortia strobilifera,NA
2023,berg_B17,NS,berg_B17_NS,5L,Prionium serratum,NA
2023,berg_B17,NS,berg_B17_NS,5R,Prionium serratum,NA
2023,berg_B17,NS,berg_B17_NS,6L,Prionium serratum,NA
2023,berg_B17,NS,berg_B17_NS,6R,Prionium serratum,NA
2023,berg_B17,NS,berg_B17_NS,7L,Prionium serratum,NA
2023,berg_B17,NS,berg_B17_NS,7R,Prionium serratum,NA
2023,berg_B17,NS,berg_B17_NS,8L,Prionium serratum,NA
2023,berg_B17,NS,berg_B17_NS,8R,Prionium serratum,NA
2023,berg_B17,NS,berg_B17_NS,9L,Prionium serratum,NA
2023,berg_B17,NS,berg_B17_NS,9R,Prionium serratum,NA
2023,berg_B17,NS,berg_B17_NS,CL,Prionium serratum,NA
2023,berg_B17,NS,berg_B17_NS,CR,Cliffortia strobilifera,NA
2023,berg_B17,WE,berg_B17_WE,0L,Cliffortia strobilifera,NA
2023,berg_B17,WE,berg_B17_WE,0R,Cliffortia strobilifera,NA
2023,berg_B17,WE,berg_B17_WE,1L,Cliffortia strobilifera,NA
2023,berg_B17,WE,berg_B17_WE,1R,Cliffortia strobilifera,NA
2023,berg_B17,WE,berg_B17_WE,2L,Cliffortia strobilifera,NA
2023,berg_B17,WE,berg_B17_WE,2R,Cliffortia strobilifera,NA
2023,berg_B17,WE,berg_B17_WE,3L,Prionium serratum,NA
2023,berg_B17,WE,berg_B17_WE,3R,Cliffortia strobilifera,NA
2023,berg_B17,WE,berg_B17_WE,4L,Prionium serratum,NA
2023,berg_B17,WE,berg_B17_WE,4R,Cliffortia strobilifera,NA
2023,berg_B17,WE,berg_B17_WE,5L,NA,water
2023,berg_B17,WE,berg_B17_WE,5R,Cliffortia strobilifera,NA
2023,berg_B17,WE,berg_B17_WE,6L,Cliffortia strobilifera,NA
2023,berg_B17,WE,berg_B17_WE,6R,Cliffortia strobilifera,NA
2023,berg_B17,WE,berg_B17_WE,7L,Prionium serratum,NA
2023,berg_B17,WE,berg_B17_WE,7R,Cliffortia strobilifera,NA
2023,berg_B17,WE,berg_B17_WE,8L,Prionium serratum,NA
2023,berg_B17,WE,berg_B17_WE,8R,Cliffortia strobilifera,NA
2023,berg_B17,WE,berg_B17_WE,9L,NA,water
2023,berg_B17,WE,berg_B17_WE,9R,NA,water
2023,berg_B18,NS,berg_B18_NS,0L,NA,bare soil
2023,berg_B18,NS,berg_B18_NS,0R,Casuarina cunninghamiana,NA
2023,berg_B18,NS,berg_B18_NS,1L,NA,bare soil
2023,berg_B18,NS,berg_B18_NS,1R,Casuarina cunninghamiana,NA
2023,berg_B18,NS,berg_B18_NS,2L,NA,bare soil
2023,berg_B18,NS,berg_B18_NS,2R,Casuarina cunninghamiana,NA
2023,berg_B18,NS,berg_B18_NS,3L,Eucalyptus camaldulensis,NA
2023,berg_B18,NS,berg_B18_NS,3R,Casuarina cunninghamiana,NA
2023,berg_B18,NS,berg_B18_NS,4L,NA,rock
2023,berg_B18,NS,berg_B18_NS,4R,Casuarina cunninghamiana,NA
2023,berg_B18,NS,berg_B18_NS,5L,Arundo donax,NA
2023,berg_B18,NS,berg_B18_NS,5R,Arundo donax,NA
2023,berg_B18,NS,berg_B18_NS,6L,NA,river
2023,berg_B18,NS,berg_B18_NS,6R,Arundo donax,NA
2023,berg_B18,NS,berg_B18_NS,7L,NA,river
2023,berg_B18,NS,berg_B18_NS,7R,NA,river
2023,berg_B18,NS,berg_B18_NS,8L,Arundo donax,NA
2023,berg_B18,NS,berg_B18_NS,8R,NA,river
2023,berg_B18,NS,berg_B18_NS,9L,Arundo donax,NA
2023,berg_B18,NS,berg_B18_NS,9R,Arundo donax,NA
2023,berg_B18,NS,berg_B18_NS,CL,Casuarina cunninghamiana,NA
2023,berg_B18,NS,berg_B18_NS,CR,Casuarina cunninghamiana,NA
2023,berg_B18,WE,berg_B18_WE,0L,Eucalyptus camaldulensis,NA
2023,berg_B18,WE,berg_B18_WE,0R,Eucalyptus camaldulensis,NA
2023,berg_B18,WE,berg_B18_WE,1L,Eucalyptus camaldulensis,NA
2023,berg_B18,WE,berg_B18_WE,1R,Eucalyptus camaldulensis,NA
2023,berg_B18,WE,berg_B18_WE,2L,Eucalyptus camaldulensis,NA
2023,berg_B18,WE,berg_B18_WE,2R,Eucalyptus camaldulensis,NA
2023,berg_B18,WE,berg_B18_WE,3L,Eucalyptus camaldulensis,NA
2023,berg_B18,WE,berg_B18_WE,3R,Eucalyptus camaldulensis,NA
2023,berg_B18,WE,berg_B18_WE,4L,Eucalyptus camaldulensis,NA
2023,berg_B18,WE,berg_B18_WE,4R,Casuarina cunninghamiana,NA
2023,berg_B18,WE,berg_B18_WE,5L,NA,river
2023,berg_B18,WE,berg_B18_WE,5R,NA,river
2023,berg_B18,WE,berg_B18_WE,6L,NA,river
2023,berg_B18,WE,berg_B18_WE,6R,Arundo donax,NA
2023,berg_B18,WE,berg_B18_WE,7L,Arundo donax,NA
2023,berg_B18,WE,berg_B18_WE,7R,Arundo donax,NA
2023,berg_B18,WE,berg_B18_WE,8L,Arundo donax,NA
2023,berg_B18,WE,berg_B18_WE,8R,Arundo donax,NA
2023,berg_B18,WE,berg_B18_WE,9L,Rumex cordatus,NA
2023,berg_B18,WE,berg_B18_WE,9R,Arundo donax,NA
2023,berg_B19,NS,berg_B19_NS,0L,Galenia africana,NA
2023,berg_B19,NS,berg_B19_NS,0R,Galenia africana,NA
2023,berg_B19,NS,berg_B19_NS,1L,NA,Dead red many-seed
2023,berg_B19,NS,berg_B19_NS,1R,Galenia africana,NA
2023,berg_B19,NS,berg_B19_NS,2L,NA,Bare soil
2023,berg_B19,NS,berg_B19_NS,2R,NA,Bare soil
2023,berg_B19,NS,berg_B19_NS,3L,Galenia africana,NA
2023,berg_B19,NS,berg_B19_NS,3R,Galenia africana,NA
2023,berg_B19,NS,berg_B19_NS,4L,NA,Bare soil
2023,berg_B19,NS,berg_B19_NS,4R,NA,Bare soil
2023,berg_B19,NS,berg_B19_NS,5L,NA,Bare soil
2023,berg_B19,NS,berg_B19_NS,5R,Galenia africana,NA
2023,berg_B19,NS,berg_B19_NS,6L,NA,Dead baby rush
2023,berg_B19,NS,berg_B19_NS,6R,NA,Bare soil
2023,berg_B19,NS,berg_B19_NS,7L,NA,Bare soil
2023,berg_B19,NS,berg_B19_NS,7R,Galenia africana,NA
2023,berg_B19,NS,berg_B19_NS,8L,Galenia africana,NA
2023,berg_B19,NS,berg_B19_NS,8R,Galenia africana,NA
2023,berg_B19,NS,berg_B19_NS,9L,Galenia africana,NA
2023,berg_B19,NS,berg_B19_NS,9R,Galenia africana,NA
2023,berg_B19,NS,berg_B19_NS,CL,NA,Bare soil
2023,berg_B19,NS,berg_B19_NS,CR,Galenia africana,NA
2023,berg_B19,WE,berg_B19_WE,0L,NA,Bare soil
2023,berg_B19,WE,berg_B19_WE,0R,Galenia africana,NA
2023,berg_B19,WE,berg_B19_WE,1L,NA,Bare soil
2023,berg_B19,WE,berg_B19_WE,1R,Galenia africana,NA
2023,berg_B19,WE,berg_B19_WE,2L,Galenia africana,NA
2023,berg_B19,WE,berg_B19_WE,2R,Galenia africana,NA
2023,berg_B19,WE,berg_B19_WE,3L,Galenia africana,NA
2023,berg_B19,WE,berg_B19_WE,3R,Galenia africana,NA
2023,berg_B19,WE,berg_B19_WE,4L,Galenia africana,NA
2023,berg_B19,WE,berg_B19_WE,4R,Galenia africana,NA
2023,berg_B19,WE,berg_B19_WE,5L,NA,Bare soil
2023,berg_B19,WE,berg_B19_WE,5R,NA,Bare soil
2023,berg_B19,WE,berg_B19_WE,6L,NA,dead baby rush
2023,berg_B19,WE,berg_B19_WE,6R,NA,dead baby rush
2023,berg_B19,WE,berg_B19_WE,7L,NA,Bare soil
2023,berg_B19,WE,berg_B19_WE,7R,NA,Bare soil
2023,berg_B19,WE,berg_B19_WE,8L,Galenia africana,NA
2023,berg_B19,WE,berg_B19_WE,8R,NA,dead argostis grass
2023,berg_B19,WE,berg_B19_WE,9L,Galenia africana,NA
2023,berg_B19,WE,berg_B19_WE,9R,Cynodon dactylon,NA
2023,berg_B2,NS,berg_B2_NS,0L,Pteridium aquilinum,NA
2023,berg_B2,NS,berg_B2_NS,0R,Pteridium aquilinum,NA
2023,berg_B2,NS,berg_B2_NS,1L,Pteridium aquilinum,NA
2023,berg_B2,NS,berg_B2_NS,1R,Pteridium aquilinum,NA
2023,berg_B2,NS,berg_B2_NS,2L,Thesium strictum,NA
2023,berg_B2,NS,berg_B2_NS,2R,Elytropappus rhinocerotis,NA
2023,berg_B2,NS,berg_B2_NS,3L,Pteridium aquilinum,NA
2023,berg_B2,NS,berg_B2_NS,3R,Brabejum stellatifolium,NA
2023,berg_B2,NS,berg_B2_NS,4L,Pteridium aquilinum,NA
2023,berg_B2,NS,berg_B2_NS,4R,Juncus bufonius,NA
2023,berg_B2,NS,berg_B2_NS,5L,Thesium strictum,NA
2023,berg_B2,NS,berg_B2_NS,5R,Danthonia sp. ,NA
2023,berg_B2,NS,berg_B2_NS,6L,Elytropappus rhinocerotis,NA
2023,berg_B2,NS,berg_B2_NS,6R,Pteridium aquilinum,NA
2023,berg_B2,NS,berg_B2_NS,7L,Protea nitida,NA
2023,berg_B2,NS,berg_B2_NS,7R,Pteridium aquilinum,NA
2023,berg_B2,NS,berg_B2_NS,8L,Oftia africana,NA
2023,berg_B2,NS,berg_B2_NS,8R,Protea nitida,NA
2023,berg_B2,NS,berg_B2_NS,9L,Protea nitida,NA
2023,berg_B2,NS,berg_B2_NS,9R,Protea nitida,NA
2023,berg_B2,NS,berg_B2_NS,CL,Protea repens,NA
2023,berg_B2,NS,berg_B2_NS,CR,Pteridium aquilinum,NA
2023,berg_B2,WE,berg_B2_WE,0L,Searsia tomentosa,NA
2023,berg_B2,WE,berg_B2_WE,0R,Searsia tomentosa,NA
2023,berg_B2,WE,berg_B2_WE,1L,Searsia tomentosa,NA
2023,berg_B2,WE,berg_B2_WE,1R,Searsia tomentosa,NA
2023,berg_B2,WE,berg_B2_WE,2L,Searsia tomentosa,NA
2023,berg_B2,WE,berg_B2_WE,2R,Pteridium aquilinum,NA
2023,berg_B2,WE,berg_B2_WE,3L,Pteridium aquilinum,NA
2023,berg_B2,WE,berg_B2_WE,3R,Pelargonium vitifolium,NA
2023,berg_B2,WE,berg_B2_WE,4L,Pteridium aquilinum,NA
2023,berg_B2,WE,berg_B2_WE,4R,Thesium strictum,NA
2023,berg_B2,WE,berg_B2_WE,5L,Restio subverticillatus,NA
2023,berg_B2,WE,berg_B2_WE,5R,Protea nitida,NA
2023,berg_B2,WE,berg_B2_WE,6L,Oftia africana,NA
2023,berg_B2,WE,berg_B2_WE,6R,Protea nitida,NA
2023,berg_B2,WE,berg_B2_WE,7L,NA,Bare Ground
2023,berg_B2,WE,berg_B2_WE,7R,NA,Bare Ground
2023,berg_B2,WE,berg_B2_WE,8L,[small grass?],NA
2023,berg_B2,WE,berg_B2_WE,8R,[small grass?],NA
2023,berg_B2,WE,berg_B2_WE,9L,[reed?],NA
2023,berg_B2,WE,berg_B2_WE,9R,NA,Bare Ground
2023,berg_B20,NS,berg_B20_NS,0L,Cynodon dactylon,NA
2023,berg_B20,NS,berg_B20_NS,0R,Lolium perenne,NA
2023,berg_B20,NS,berg_B20_NS,1L,Lolium perenne,NA
2023,berg_B20,NS,berg_B20_NS,1R,Cynodon dactylon,NA
2023,berg_B20,NS,berg_B20_NS,2L,Cynodon dactylon,NA
2023,berg_B20,NS,berg_B20_NS,2R,Lolium perenne,NA
2023,berg_B20,NS,berg_B20_NS,3L,Lolium perenne,NA
2023,berg_B20,NS,berg_B20_NS,3R,Lolium perenne,NA
2023,berg_B20,NS,berg_B20_NS,4L,Lolium perenne,NA
2023,berg_B20,NS,berg_B20_NS,4R,Lolium perenne,NA
2023,berg_B20,NS,berg_B20_NS,5L,Lolium perenne,NA
2023,berg_B20,NS,berg_B20_NS,5R,Lolium perenne,NA
2023,berg_B20,NS,berg_B20_NS,6L,Lolium perenne,NA
2023,berg_B20,NS,berg_B20_NS,6R,Lolium perenne,NA
2023,berg_B20,NS,berg_B20_NS,7L,Eucalyptus camaldulensis,NA
2023,berg_B20,NS,berg_B20_NS,7R,Eucalyptus camaldulensis,NA
2023,berg_B20,NS,berg_B20_NS,8L,Eucalyptus camaldulensis,NA
2023,berg_B20,NS,berg_B20_NS,8R,Eucalyptus camaldulensis,NA
2023,berg_B20,NS,berg_B20_NS,9L,Eucalyptus camaldulensis,NA
2023,berg_B20,NS,berg_B20_NS,9R,Eucalyptus camaldulensis,NA
2023,berg_B20,NS,berg_B20_NS,CL,Lolium perenne,NA
2023,berg_B20,NS,berg_B20_NS,CR,Lolium perenne,NA
2023,berg_B20,WE,berg_B20_WE,0L,Eucalyptus camaldulensis,NA
2023,berg_B20,WE,berg_B20_WE,0R,Eucalyptus camaldulensis,NA
2023,berg_B20,WE,berg_B20_WE,1L,Eucalyptus camaldulensis,NA
2023,berg_B20,WE,berg_B20_WE,1R,Eucalyptus camaldulensis,NA
2023,berg_B20,WE,berg_B20_WE,2L,Eucalyptus camaldulensis,NA
2023,berg_B20,WE,berg_B20_WE,2R,Eucalyptus camaldulensis,NA
2023,berg_B20,WE,berg_B20_WE,3L,Eucalyptus camaldulensis,NA
2023,berg_B20,WE,berg_B20_WE,3R,Eucalyptus camaldulensis,NA
2023,berg_B20,WE,berg_B20_WE,4L,Cynodon dactylon,NA
2023,berg_B20,WE,berg_B20_WE,4R,Lolium perenne,NA
2023,berg_B20,WE,berg_B20_WE,5L,Cynodon dactylon,NA
2023,berg_B20,WE,berg_B20_WE,5R,Lolium perenne,NA
2023,berg_B20,WE,berg_B20_WE,6L,Lolium perenne,NA
2023,berg_B20,WE,berg_B20_WE,6R,Lolium perenne,NA
2023,berg_B20,WE,berg_B20_WE,7L,Lolium perenne,NA
2023,berg_B20,WE,berg_B20_WE,7R,Lolium perenne,NA
2023,berg_B20,WE,berg_B20_WE,8L,Lolium perenne,NA
2023,berg_B20,WE,berg_B20_WE,8R,Eucalyptus camaldulensis,NA
2023,berg_B20,WE,berg_B20_WE,9L,Eucalyptus camaldulensis,NA
2023,berg_B20,WE,berg_B20_WE,9R,Eucalyptus camaldulensis,NA
2023,berg_B21,NS,berg_B21_NS,0L,Setaria sp.,NA
2023,berg_B21,NS,berg_B21_NS,0R,Setaria sp.,NA
2023,berg_B21,NS,berg_B21_NS,1L,Cynodon sp.,NA
2023,berg_B21,NS,berg_B21_NS,1R,Setaria sp.,NA
2023,berg_B21,NS,berg_B21_NS,2L,Cynodon sp. ,NA
2023,berg_B21,NS,berg_B21_NS,2R,Setaria sp.,NA
2023,berg_B21,NS,berg_B21_NS,3L,Setaria sp.,NA
2023,berg_B21,NS,berg_B21_NS,3R,Setaria sp.,NA
2023,berg_B21,NS,berg_B21_NS,4L,Nothoscordum gracile,NA
2023,berg_B21,NS,berg_B21_NS,4R,Setaria sp.,NA
2023,berg_B21,NS,berg_B21_NS,5L,Setaria sp.,NA
2023,berg_B21,NS,berg_B21_NS,5R,Setaria sp.,NA
2023,berg_B21,NS,berg_B21_NS,6L,Setaria sp.,NA
2023,berg_B21,NS,berg_B21_NS,6R,Setaria sp.,NA
2023,berg_B21,NS,berg_B21_NS,7L,Setaria sp.,NA
2023,berg_B21,NS,berg_B21_NS,7R,Setaria sp.,NA
2023,berg_B21,NS,berg_B21_NS,8L,Setaria sp.,NA
2023,berg_B21,NS,berg_B21_NS,8R,Cynodon sp. ,NA
2023,berg_B21,NS,berg_B21_NS,9L,Setaria sp.,NA
2023,berg_B21,NS,berg_B21_NS,9R,Cynodon sp. ,NA
2023,berg_B21,NS,berg_B21_NS,CL,Setaria sp.,NA
2023,berg_B21,NS,berg_B21_NS,CR,Setaria sp.,NA
2023,berg_B21,WE,berg_B21_WE,0L,NA,water spinach
2023,berg_B21,WE,berg_B21_WE,0R,NA,Dead lolium perenne
2023,berg_B21,WE,berg_B21_WE,1L,Cynodon sp.,NA
2023,berg_B21,WE,berg_B21_WE,1R,NA,Dead lolium perenne
2023,berg_B21,WE,berg_B21_WE,2L,NA,baby bunch rush
2023,berg_B21,WE,berg_B21_WE,2R,NA,baby bunch rush
2023,berg_B21,WE,berg_B21_WE,3L,Cynodon sp. ,NA
2023,berg_B21,WE,berg_B21_WE,3R,Cynodon sp. ,NA
2023,berg_B21,WE,berg_B21_WE,4L,Setaria sp.,NA
2023,berg_B21,WE,berg_B21_WE,4R,Setaria sp.,NA
2023,berg_B21,WE,berg_B21_WE,5L,Lolium perenne,NA
2023,berg_B21,WE,berg_B21_WE,5R,Lolium perenne,NA
2023,berg_B21,WE,berg_B21_WE,6L,Lolium perenne,NA
2023,berg_B21,WE,berg_B21_WE,6R,Setaria sp.,NA
2023,berg_B21,WE,berg_B21_WE,7L,Setaria sp.,NA
2023,berg_B21,WE,berg_B21_WE,7R,Setaria sp.,NA
2023,berg_B21,WE,berg_B21_WE,8L,Setaria sp.,NA
2023,berg_B21,WE,berg_B21_WE,8R,Setaria sp.,NA
2023,berg_B21,WE,berg_B21_WE,9L,Cynodon sp. ,NA
2023,berg_B21,WE,berg_B21_WE,9R,NA,rock
2023,berg_B22,NS,berg_B22_NS,0L,Galenia africana,NA
2023,berg_B22,NS,berg_B22_NS,0R,Galenia africana,NA
2023,berg_B22,NS,berg_B22_NS,1L,Setaria sp.,NA
2023,berg_B22,NS,berg_B22_NS,1R,Galenia africana,NA
2023,berg_B22,NS,berg_B22_NS,2L,Ehrharta calycina,NA
2023,berg_B22,NS,berg_B22_NS,2R,Ehrharta calycina,NA
2023,berg_B22,NS,berg_B22_NS,3L,Setaria sp.,NA
2023,berg_B22,NS,berg_B22_NS,3R,Ehrharta calycina,NA
2023,berg_B22,NS,berg_B22_NS,4L,Ehrharta calycina,NA
2023,berg_B22,NS,berg_B22_NS,4R,Ehrharta calycina,NA
2023,berg_B22,NS,berg_B22_NS,5L,Ehrharta calycina,NA
2023,berg_B22,NS,berg_B22_NS,5R,Galenia africana,NA
2023,berg_B22,NS,berg_B22_NS,6L,Galenia africana,NA
2023,berg_B22,NS,berg_B22_NS,6R,Galenia africana,NA
2023,berg_B22,NS,berg_B22_NS,7L,Galenia africana,NA
2023,berg_B22,NS,berg_B22_NS,7R,Galenia africana,NA
2023,berg_B22,NS,berg_B22_NS,8L,Galenia africana,NA
2023,berg_B22,NS,berg_B22_NS,8R,Buddleja saligna,NA
2023,berg_B22,NS,berg_B22_NS,9L,Galenia africana,NA
2023,berg_B22,NS,berg_B22_NS,9R,Buddleja saligna,NA
2023,berg_B22,NS,berg_B22_NS,CL,Ehrharta calycina,NA
2023,berg_B22,NS,berg_B22_NS,CR,Ehrharta calycina,NA
2023,berg_B22,WE,berg_B22_WE,0L,Galenia africana,NA
2023,berg_B22,WE,berg_B22_WE,0R,Galenia africana,NA
2023,berg_B22,WE,berg_B22_WE,1L,Galenia africana,NA
2023,berg_B22,WE,berg_B22_WE,1R,Ehrharta calycina,NA
2023,berg_B22,WE,berg_B22_WE,2L,Galenia africana,NA
2023,berg_B22,WE,berg_B22_WE,2R,Ehrharta calycina,NA
2023,berg_B22,WE,berg_B22_WE,3L,Galenia africana,NA
2023,berg_B22,WE,berg_B22_WE,3R,Ehrharta calycina,NA
2023,berg_B22,WE,berg_B22_WE,4L,Ehrharta calycina,NA
2023,berg_B22,WE,berg_B22_WE,4R,Ehrharta calycina,NA
2023,berg_B22,WE,berg_B22_WE,5L,Ehrharta calycina,NA
2023,berg_B22,WE,berg_B22_WE,5R,Ehrharta calycina,NA
2023,berg_B22,WE,berg_B22_WE,6L,Galenia africana,NA
2023,berg_B22,WE,berg_B22_WE,6R,Ehrharta calycina,NA
2023,berg_B22,WE,berg_B22_WE,7L,Galenia africana,NA
2023,berg_B22,WE,berg_B22_WE,7R,Setaria sp.,NA
2023,berg_B22,WE,berg_B22_WE,8L,Galenia africana,NA
2023,berg_B22,WE,berg_B22_WE,8R,Setaria sp.,NA
2023,berg_B22,WE,berg_B22_WE,9L,Galenia africana,NA
2023,berg_B22,WE,berg_B22_WE,9R,Ehrharta calycina,NA
2023,berg_B23,NS,berg_B23_NS,0L,Diplachne capensis,dead
2023,berg_B23,NS,berg_B23_NS,0R,Lolium perenne,dead
2023,berg_B23,NS,berg_B23_NS,1L,Bromus diandrus,dead
2023,berg_B23,NS,berg_B23_NS,1R,Diplachne capensis,dead
2023,berg_B23,NS,berg_B23_NS,2L,Bromus diandrus,dead
2023,berg_B23,NS,berg_B23_NS,2R,Ehrharta erecta,dead
2023,berg_B23,NS,berg_B23_NS,3L,Bromus diandrus,dead
2023,berg_B23,NS,berg_B23_NS,3R,Diplachne capensis,dead
2023,berg_B23,NS,berg_B23_NS,4L,Diplachne capensis,dead
2023,berg_B23,NS,berg_B23_NS,4R,Diplachne capensis,dead
2023,berg_B23,NS,berg_B23_NS,5L,Diplachne capensis,dead
2023,berg_B23,NS,berg_B23_NS,5R,Diplachne capensis,dead
2023,berg_B23,NS,berg_B23_NS,6L,Diplachne capensis,dead
2023,berg_B23,NS,berg_B23_NS,6R,Bromus diandrus,dead
2023,berg_B23,NS,berg_B23_NS,7L,Bromus diandrus,dead
2023,berg_B23,NS,berg_B23_NS,7R,Diplachne capensis,dead
2023,berg_B23,NS,berg_B23_NS,8L,Diplachne capensis,dead
2023,berg_B23,NS,berg_B23_NS,8R,unknown grass root exposed,dead
2023,berg_B23,NS,berg_B23_NS,9L,Bromus diandrus,dead
2023,berg_B23,NS,berg_B23_NS,9R,Vetch,dead
2023,berg_B23,NS,berg_B23_NS,CL,Diplachne capensis,dead
2023,berg_B23,NS,berg_B23_NS,CR,Oncosiphon suffruticosus,NA
2023,berg_B23,WE,berg_B23_WE,0L,Ehrharta erecta,dead
2023,berg_B23,WE,berg_B23_WE,0R,Oncosiphon suffruticosus,NA
2023,berg_B23,WE,berg_B23_WE,1L,Ehrharta erecta,dead
2023,berg_B23,WE,berg_B23_WE,1R,Bromus diandrus,dead
2023,berg_B23,WE,berg_B23_WE,2L,Oncosiphon suffruticosus,NA
2023,berg_B23,WE,berg_B23_WE,2R,Bromus diandrus,dead
2023,berg_B23,WE,berg_B23_WE,3L,Bromus diandrus,dead
2023,berg_B23,WE,berg_B23_WE,3R,Bromus diandrus,dead
2023,berg_B23,WE,berg_B23_WE,4L,Bromus diandrus,dead
2023,berg_B23,WE,berg_B23_WE,4R,Oncosiphon suffruticosus,NA
2023,berg_B23,WE,berg_B23_WE,5L,Oncosiphon suffruticosus,NA
2023,berg_B23,WE,berg_B23_WE,5R,Bromus diandrus,dead
2023,berg_B23,WE,berg_B23_WE,6L,Oncosiphon suffruticosus,NA
2023,berg_B23,WE,berg_B23_WE,6R,Bromus diandrus,dead
2023,berg_B23,WE,berg_B23_WE,7L,Oncosiphon suffruticosus,NA
2023,berg_B23,WE,berg_B23_WE,7R,Bromus diandrus,dead
2023,berg_B23,WE,berg_B23_WE,8L,Lolium perenne,dead
2023,berg_B23,WE,berg_B23_WE,8R,little feather grass,dead
2023,berg_B23,WE,berg_B23_WE,9L,Lolium perenne,dead
2023,berg_B23,WE,berg_B23_WE,9R,Small firework grass,dead
2023,berg_B24,NS,berg_B24_NS,0L,Avena fatua,NA
2023,berg_B24,NS,berg_B24_NS,0R,Cynodon dactylon,NA
2023,berg_B24,NS,berg_B24_NS,1L,Avena fatua,NA
2023,berg_B24,NS,berg_B24_NS,1R,NA,Bare soil
2023,berg_B24,NS,berg_B24_NS,2L,Oncosiphon suffruticosus,NA
2023,berg_B24,NS,berg_B24_NS,2R,Ehrharta erecta,NA
2023,berg_B24,NS,berg_B24_NS,3L,Bromus diandrus,NA
2023,berg_B24,NS,berg_B24_NS,3R,NA,Bare soil
2023,berg_B24,NS,berg_B24_NS,4L,Galenia africana,NA
2023,berg_B24,NS,berg_B24_NS,4R,Galenia africana,NA
2023,berg_B24,NS,berg_B24_NS,5L,Galenia africana,NA
2023,berg_B24,NS,berg_B24_NS,5R,Galenia africana,NA
2023,berg_B24,NS,berg_B24_NS,6L,Seriphium plumosum,NA
2023,berg_B24,NS,berg_B24_NS,6R,Vicia sp.,NA
2023,berg_B24,NS,berg_B24_NS,7L,Ehrharta erecta,NA
2023,berg_B24,NS,berg_B24_NS,7R,Avena fatua,NA
2023,berg_B24,NS,berg_B24_NS,8L,Avena fatua,NA
2023,berg_B24,NS,berg_B24_NS,8R,Avena fatua,NA
2023,berg_B24,NS,berg_B24_NS,9L,Bromus diandrus,NA
2023,berg_B24,NS,berg_B24_NS,9R,Ehrharta erecta,NA
2023,berg_B24,NS,berg_B24_NS,CL,Galenia africana,NA
2023,berg_B24,NS,berg_B24_NS,CR,Galenia africana,NA
2023,berg_B24,WE,berg_B24_WE,0L,Oncosiphon suffruticosus,NA
2023,berg_B24,WE,berg_B24_WE,0R,Avena fatua,NA
2023,berg_B24,WE,berg_B24_WE,1L,Oncosiphon suffruticosus,NA
2023,berg_B24,WE,berg_B24_WE,1R,Avena fatua,NA
2023,berg_B24,WE,berg_B24_WE,2L,Ehrharta erecta,NA
2023,berg_B24,WE,berg_B24_WE,2R,Avena fatua,NA
2023,berg_B24,WE,berg_B24_WE,3L,Galenia africana,NA
2023,berg_B24,WE,berg_B24_WE,3R,Ehrharta erecta,NA
2023,berg_B24,WE,berg_B24_WE,4L,Galenia africana,NA
2023,berg_B24,WE,berg_B24_WE,4R,Galenia africana,NA
2023,berg_B24,WE,berg_B24_WE,5L,Oncosiphon suffruticosus,NA
2023,berg_B24,WE,berg_B24_WE,5R,NA,Bare soil
2023,berg_B24,WE,berg_B24_WE,6L,Ehrharta erecta,NA
2023,berg_B24,WE,berg_B24_WE,6R,Avena fatua,NA
2023,berg_B24,WE,berg_B24_WE,7L,Avena fatua,NA
2023,berg_B24,WE,berg_B24_WE,7R,Bromus diandrus,NA
2023,berg_B24,WE,berg_B24_WE,8L,Ricinus communis,NA
2023,berg_B24,WE,berg_B24_WE,8R,Avena fatua,NA
2023,berg_B24,WE,berg_B24_WE,9L,Malva sp.,NA
2023,berg_B24,WE,berg_B24_WE,9R,Malva sp.,NA
2023,berg_B25,NS,berg_B25_NS,0L,NA,Pond scum
2023,berg_B25,NS,berg_B25_NS,0R,NA,Pond scum
2023,berg_B25,NS,berg_B25_NS,1L,NA,Pond scum
2023,berg_B25,NS,berg_B25_NS,1R,NA,Pond scum
2023,berg_B25,NS,berg_B25_NS,2L,NA,Pond scum
2023,berg_B25,NS,berg_B25_NS,2R,NA,Pond scum
2023,berg_B25,NS,berg_B25_NS,3L,NA,Pond scum
2023,berg_B25,NS,berg_B25_NS,3R,Eragrostis sp.,NA
2023,berg_B25,NS,berg_B25_NS,4L,NA,Pond scum
2023,berg_B25,NS,berg_B25_NS,4R,Eragrostis sp.,NA
2023,berg_B25,NS,berg_B25_NS,5L,NA,Pond scum
2023,berg_B25,NS,berg_B25_NS,5R,Eragrostis sp.,NA
2023,berg_B25,NS,berg_B25_NS,6L,NA,Rock
2023,berg_B25,NS,berg_B25_NS,6R,NA,Rock
2023,berg_B25,NS,berg_B25_NS,7L,NA,Rock
2023,berg_B25,NS,berg_B25_NS,7R,NA,Rock
2023,berg_B25,NS,berg_B25_NS,8L,NA,Rock
2023,berg_B25,NS,berg_B25_NS,8R,NA,Rock
2023,berg_B25,NS,berg_B25_NS,9L,Phragmites australis,NA
2023,berg_B25,NS,berg_B25_NS,9R,Phragmites australis,NA
2023,berg_B25,NS,berg_B25_NS,CL,Juncus acutus,NA
2023,berg_B25,NS,berg_B25_NS,CR,Juncus acutus,NA
2023,berg_B25,WE,berg_B25_WE,0L,Cotula coronopifolia,NA
2023,berg_B25,WE,berg_B25_WE,0R,Eragrostis sp.,NA
2023,berg_B25,WE,berg_B25_WE,1L,NA,Rock
2023,berg_B25,WE,berg_B25_WE,1R,NA,Rock
2023,berg_B25,WE,berg_B25_WE,2L,NA,Rock
2023,berg_B25,WE,berg_B25_WE,2R,Eragrostis sp.,NA
2023,berg_B25,WE,berg_B25_WE,3L,NA,Rock
2023,berg_B25,WE,berg_B25_WE,3R,Juncus acutus,NA
2023,berg_B25,WE,berg_B25_WE,4L,Eragrostis sp.,NA
2023,berg_B25,WE,berg_B25_WE,4R,Juncus acutus,NA
2023,berg_B25,WE,berg_B25_WE,5L,Juncus acutus,NA
2023,berg_B25,WE,berg_B25_WE,5R,Juncus acutus,NA
2023,berg_B25,WE,berg_B25_WE,6L,Eragrostis sp.,NA
2023,berg_B25,WE,berg_B25_WE,6R,Eragrostis sp.,NA
2023,berg_B25,WE,berg_B25_WE,7L,Lolium perenne,NA
2023,berg_B25,WE,berg_B25_WE,7R,Eragrostis sp.,NA
2023,berg_B25,WE,berg_B25_WE,8L,Eragrostis sp.,NA
2023,berg_B25,WE,berg_B25_WE,8R,Eragrostis sp.,NA
2023,berg_B25,WE,berg_B25_WE,9L,Eragrostis sp.,NA
2023,berg_B25,WE,berg_B25_WE,9R,Eragrostis sp.,NA
2023,berg_B26,NS,berg_B26_NS,0L,Phragmites australis,NA
2023,berg_B26,NS,berg_B26_NS,0R,Phragmites australis,NA
2023,berg_B26,NS,berg_B26_NS,1L,Phragmites australis,NA
2023,berg_B26,NS,berg_B26_NS,1R,Phragmites australis,NA
2023,berg_B26,NS,berg_B26_NS,2L,Phragmites australis,NA
2023,berg_B26,NS,berg_B26_NS,2R,Phragmites australis,NA
2023,berg_B26,NS,berg_B26_NS,3L,Phragmites australis,NA
2023,berg_B26,NS,berg_B26_NS,3R,Phragmites australis,NA
2023,berg_B26,NS,berg_B26_NS,4L,Phragmites australis,NA
2023,berg_B26,NS,berg_B26_NS,4R,Phragmites australis,NA
2023,berg_B26,NS,berg_B26_NS,5L,Phragmites australis,NA
2023,berg_B26,NS,berg_B26_NS,5R,Phragmites australis,NA
2023,berg_B26,NS,berg_B26_NS,6L,Phragmites australis,NA
2023,berg_B26,NS,berg_B26_NS,6R,Phragmites australis,NA
2023,berg_B26,NS,berg_B26_NS,7L,Phragmites australis,NA
2023,berg_B26,NS,berg_B26_NS,7R,Phragmites australis,NA
2023,berg_B26,NS,berg_B26_NS,8L,Phragmites australis,NA
2023,berg_B26,NS,berg_B26_NS,8R,Phragmites australis,NA
2023,berg_B26,NS,berg_B26_NS,9L,Phragmites australis,NA
2023,berg_B26,NS,berg_B26_NS,9R,Phragmites australis,NA
2023,berg_B26,NS,berg_B26_NS,CL,Phragmites australis,NA
2023,berg_B26,NS,berg_B26_NS,CR,Phragmites australis,NA
2023,berg_B26,WE,berg_B26_WE,0L,Pennisetum clandestinum,NA
2023,berg_B26,WE,berg_B26_WE,0R,Phragmites australis,NA
2023,berg_B26,WE,berg_B26_WE,1L,Acacia saligna,NA
2023,berg_B26,WE,berg_B26_WE,1R,Phragmites australis,NA
2023,berg_B26,WE,berg_B26_WE,2L,Phragmites australis,NA
2023,berg_B26,WE,berg_B26_WE,2R,Phragmites australis,NA
2023,berg_B26,WE,berg_B26_WE,3L,Phragmites australis,NA
2023,berg_B26,WE,berg_B26_WE,3R,Ricinus communis,NA
2023,berg_B26,WE,berg_B26_WE,4L,Bolboschoenus sp. ,NA
2023,berg_B26,WE,berg_B26_WE,4R,Phragmites australis,NA
2023,berg_B26,WE,berg_B26_WE,5L,Phragmites australis,NA
2023,berg_B26,WE,berg_B26_WE,5R,Phragmites australis,NA
2023,berg_B26,WE,berg_B26_WE,6L,Phragmites australis,NA
2023,berg_B26,WE,berg_B26_WE,6R,Bolboschoenus sp. ,NA
2023,berg_B26,WE,berg_B26_WE,7L,Phragmites australis,NA
2023,berg_B26,WE,berg_B26_WE,7R,Phragmites australis,NA
2023,berg_B26,WE,berg_B26_WE,8L,Phragmites australis,NA
2023,berg_B26,WE,berg_B26_WE,8R,NA,water
2023,berg_B26,WE,berg_B26_WE,9L,NA,water
2023,berg_B26,WE,berg_B26_WE,9R,NA,water
2023,berg_B27,NS,berg_B27_NS,0L,NA,Dead Malva
2023,berg_B27,NS,berg_B27_NS,0R,NA,Dead Malva
2023,berg_B27,NS,berg_B27_NS,1L,Croton setiger,NA
2023,berg_B27,NS,berg_B27_NS,1R,NA,Bare soil
2023,berg_B27,NS,berg_B27_NS,2L,Croton setiger,NA
2023,berg_B27,NS,berg_B27_NS,2R,NA,Bare soil
2023,berg_B27,NS,berg_B27_NS,3L,Amaranthus graecizans,NA
2023,berg_B27,NS,berg_B27_NS,3R,Heliotropium supinum,NA
2023,berg_B27,NS,berg_B27_NS,4L,Amaranthus graecizans,NA
2023,berg_B27,NS,berg_B27_NS,4R,Heliotropium supinum,NA
2023,berg_B27,NS,berg_B27_NS,5L,Amaranthus graecizans,NA
2023,berg_B27,NS,berg_B27_NS,5R,Euphorbia serpens,NA
2023,berg_B27,NS,berg_B27_NS,6L,NA,Bare Soil
2023,berg_B27,NS,berg_B27_NS,6R,Croton setiger,NA
2023,berg_B27,NS,berg_B27_NS,7L,Amaranthus graecizans,NA
2023,berg_B27,NS,berg_B27_NS,7R,NA,Bare Soil
2023,berg_B27,NS,berg_B27_NS,8L,NA,Bare Soil
2023,berg_B27,NS,berg_B27_NS,8R,Amaranthus graecizans,Amananthus albus
2023,berg_B27,NS,berg_B27_NS,9L,Croton setiger,NA
2023,berg_B27,NS,berg_B27_NS,9R,Croton setiger,NA
2023,berg_B27,NS,berg_B27_NS,CL,Heliotropium supinum,NA
2023,berg_B27,NS,berg_B27_NS,CR,NA,Bare soil
2023,berg_B27,WE,berg_B27_WE,0L,Heliotropium supinum,NA
2023,berg_B27,WE,berg_B27_WE,0R,NA,Bare soil
2023,berg_B27,WE,berg_B27_WE,1L,Croton setiger,NA
2023,berg_B27,WE,berg_B27_WE,1R,Erodium cicutarium,NA
2023,berg_B27,WE,berg_B27_WE,2L,NA,Bare soil
2023,berg_B27,WE,berg_B27_WE,2R,Croton setiger,NA
2023,berg_B27,WE,berg_B27_WE,3L,Heliotropium supinum,NA
2023,berg_B27,WE,berg_B27_WE,3R,Salsola kali,NA
2023,berg_B27,WE,berg_B27_WE,4L,NA,Bare soil
2023,berg_B27,WE,berg_B27_WE,4R,Heliotropium supinum,NA
2023,berg_B27,WE,berg_B27_WE,5L,Amaranthus graecizans,NA
2023,berg_B27,WE,berg_B27_WE,5R,Amaranthus graecizans,NA
2023,berg_B27,WE,berg_B27_WE,6L,Amaranthus graecizans,NA
2023,berg_B27,WE,berg_B27_WE,6R,Amaranthus graecizans,NA
2023,berg_B27,WE,berg_B27_WE,7L,Heliotropium supinum,NA
2023,berg_B27,WE,berg_B27_WE,7R,Heliotropium supinum,NA
2023,berg_B27,WE,berg_B27_WE,8L,Amaranthus graecizans,NA
2023,berg_B27,WE,berg_B27_WE,8R,Lepidium africanum,NA
2023,berg_B27,WE,berg_B27_WE,9L,Lepidium africanum,NA
2023,berg_B27,WE,berg_B27_WE,9R,Croton setiger,NA
2023,berg_B28,NS,berg_B28_NS,0L,Galenia africana,NA
2023,berg_B28,NS,berg_B28_NS,0R,Ehrharta longiflora,dead
2023,berg_B28,NS,berg_B28_NS,1L,Galenia africana,NA
2023,berg_B28,NS,berg_B28_NS,1R,Galenia africana,NA
2023,berg_B28,NS,berg_B28_NS,2L,Galenia africana,NA
2023,berg_B28,NS,berg_B28_NS,2R,Galenia africana,NA
2023,berg_B28,NS,berg_B28_NS,3L,Galenia africana,NA
2023,berg_B28,NS,berg_B28_NS,3R,Trifolium angustifolium,NA
2023,berg_B28,NS,berg_B28_NS,4L,Ehrharta longiflora,dead
2023,berg_B28,NS,berg_B28_NS,4R,Asparagus capensis,NA
2023,berg_B28,NS,berg_B28_NS,5L,Galenia africana,NA
2023,berg_B28,NS,berg_B28_NS,5R,Galenia africana,NA
2023,berg_B28,NS,berg_B28_NS,6L,NA,bare soil
2023,berg_B28,NS,berg_B28_NS,6R,Galenia africana,NA
2023,berg_B28,NS,berg_B28_NS,7L,NA,bare soil
2023,berg_B28,NS,berg_B28_NS,7R,Ehrharta longiflora,dead
2023,berg_B28,NS,berg_B28_NS,8L,Galenia africana,NA
2023,berg_B28,NS,berg_B28_NS,8R,Ehrharta longiflora,dead
2023,berg_B28,NS,berg_B28_NS,9L,Galenia africana,NA
2023,berg_B28,NS,berg_B28_NS,9R,Galenia africana,NA
2023,berg_B28,NS,berg_B28_NS,CL,Asparagus capensis,NA
2023,berg_B28,NS,berg_B28_NS,CR,Asparagus capensis,NA
2023,berg_B28,WE,berg_B28_WE,0L,Medicago polymorpha,NA
2023,berg_B28,WE,berg_B28_WE,0R,Trifolium angustifolium,NA
2023,berg_B28,WE,berg_B28_WE,1L,Hermannia sp.,NA
2023,berg_B28,WE,berg_B28_WE,1R,Galenia africana,NA
2023,berg_B28,WE,berg_B28_WE,2L,Hermannia sp.,NA
2023,berg_B28,WE,berg_B28_WE,2R,Hermannia sp.,NA
2023,berg_B28,WE,berg_B28_WE,3L,Galenia africana,NA
2023,berg_B28,WE,berg_B28_WE,3R,Galenia africana,NA
2023,berg_B28,WE,berg_B28_WE,4L,Galenia africana,NA
2023,berg_B28,WE,berg_B28_WE,4R,Galenia africana,NA
2023,berg_B28,WE,berg_B28_WE,5L,Asparagus capensis,NA
2023,berg_B28,WE,berg_B28_WE,5R,Galenia africana,NA
2023,berg_B28,WE,berg_B28_WE,6L,Galenia africana,NA
2023,berg_B28,WE,berg_B28_WE,6R,Galenia africana,NA
2023,berg_B28,WE,berg_B28_WE,7L,NA,bare soil
2023,berg_B28,WE,berg_B28_WE,7R,NA,bare soil
2023,berg_B28,WE,berg_B28_WE,8L,Asparagus capensis,NA
2023,berg_B28,WE,berg_B28_WE,8R,Galenia africana,NA
2023,berg_B28,WE,berg_B28_WE,9L,Ehrharta longiflora,dead
2023,berg_B28,WE,berg_B28_WE,9R,Galenia africana,NA
2023,berg_B29,NS,berg_B29_NS,0L,Cynodon dactylon,NA
2023,berg_B29,NS,berg_B29_NS,0R,Lolium perenne,dead
2023,berg_B29,NS,berg_B29_NS,1L,Nothoscordum gracile,NA
2023,berg_B29,NS,berg_B29_NS,1R,Cynodon dactylon,NA
2023,berg_B29,NS,berg_B29_NS,2L,Lolium perenne,dead
2023,berg_B29,NS,berg_B29_NS,2R,Nothoscordum gracile,NA
2023,berg_B29,NS,berg_B29_NS,3L,Pennisetum clandestinum,NA
2023,berg_B29,NS,berg_B29_NS,3R,Nothoscordum gracile,NA
2023,berg_B29,NS,berg_B29_NS,4L,Pennisetum clandestinum,NA
2023,berg_B29,NS,berg_B29_NS,4R,Pennisetum clandestinum,NA
2023,berg_B29,NS,berg_B29_NS,5L,Lolium perenne,NA
2023,berg_B29,NS,berg_B29_NS,5R,Pennisetum clandestinum,NA
2023,berg_B29,NS,berg_B29_NS,6L,Cyperus papyrus,NA
2023,berg_B29,NS,berg_B29_NS,6R,Cyperus papyrus,NA
2023,berg_B29,NS,berg_B29_NS,7L,Cyperus papyrus,NA
2023,berg_B29,NS,berg_B29_NS,7R,Cyperus papyrus,NA
2023,berg_B29,NS,berg_B29_NS,8L,Cyperus papyrus,NA
2023,berg_B29,NS,berg_B29_NS,8R,Cyperus papyrus,NA
2023,berg_B29,NS,berg_B29_NS,9L,Cyperus papyrus,NA
2023,berg_B29,NS,berg_B29_NS,9R,Cyperus papyrus,NA
2023,berg_B29,NS,berg_B29_NS,CL,Pennisetum clandestinum,NA
2023,berg_B29,NS,berg_B29_NS,CR,Pennisetum clandestinum,NA
2023,berg_B29,WE,berg_B29_WE,0L,Cynodon dactylon,NA
2023,berg_B29,WE,berg_B29_WE,0R,Cynodon dactylon,NA
2023,berg_B29,WE,berg_B29_WE,1L,Cynodon dactylon,NA
2023,berg_B29,WE,berg_B29_WE,1R,Cynodon dactylon,NA
2023,berg_B29,WE,berg_B29_WE,2L,Cynodon dactylon,NA
2023,berg_B29,WE,berg_B29_WE,2R,Cynodon dactylon,NA
2023,berg_B29,WE,berg_B29_WE,3L,(Rush- unidentified),NA
2023,berg_B29,WE,berg_B29_WE,3R,(Rush- unidentified),NA
2023,berg_B29,WE,berg_B29_WE,4L,Pennisetum clandestinum,NA
2023,berg_B29,WE,berg_B29_WE,4R,Lolium perenne,NA
2023,berg_B29,WE,berg_B29_WE,5L,Lolium perenne,NA
2023,berg_B29,WE,berg_B29_WE,5R,Pennisetum clandestinum,NA
2023,berg_B29,WE,berg_B29_WE,6L,Lolium perenne,NA
2023,berg_B29,WE,berg_B29_WE,6R,Pennisetum clandestinum,NA
2023,berg_B29,WE,berg_B29_WE,7L,Pennisetum clandestinum,NA
2023,berg_B29,WE,berg_B29_WE,7R,Pennisetum clandestinum,NA
2023,berg_B29,WE,berg_B29_WE,8L,Pennisetum clandestinum,NA
2023,berg_B29,WE,berg_B29_WE,8R,Lolium perenne,NA
2023,berg_B29,WE,berg_B29_WE,9L,Bromus diandrus,NA
2023,berg_B29,WE,berg_B29_WE,9R,Pennisetum clandestinum,NA
2023,berg_B3,NS,berg_B3_NS,0L,Prionium serratum,NA
2023,berg_B3,NS,berg_B3_NS,0R,Prionium serratum,NA
2023,berg_B3,NS,berg_B3_NS,1L,NA,Bare Ground
2023,berg_B3,NS,berg_B3_NS,1R,NA,Bare Ground
2023,berg_B3,NS,berg_B3_NS,2L,Prionium serratum,NA
2023,berg_B3,NS,berg_B3_NS,2R,Prionium serratum,NA
2023,berg_B3,NS,berg_B3_NS,3L,NA,Bare Ground
2023,berg_B3,NS,berg_B3_NS,3R,NA,Bare Ground
2023,berg_B3,NS,berg_B3_NS,4L,Prionium serratum,NA
2023,berg_B3,NS,berg_B3_NS,4R,NA,Bare Ground
2023,berg_B3,NS,berg_B3_NS,5L,NA,Bare Ground
2023,berg_B3,NS,berg_B3_NS,5R,NA,Bare Ground
2023,berg_B3,NS,berg_B3_NS,6L,NA,Bare Ground
2023,berg_B3,NS,berg_B3_NS,6R,Prionium serratum,NA
2023,berg_B3,NS,berg_B3_NS,7L,NA,Bare Ground
2023,berg_B3,NS,berg_B3_NS,7R,NA,Bare Ground
2023,berg_B3,NS,berg_B3_NS,8L,Prionium serratum,NA
2023,berg_B3,NS,berg_B3_NS,8R,Metrosideros angustifolia,NA
2023,berg_B3,NS,berg_B3_NS,9L,Prionium serratum,NA
2023,berg_B3,NS,berg_B3_NS,9R,Prionium serratum,NA
2023,berg_B3,NS,berg_B3_NS,CL,Prionium serratum,NA
2023,berg_B3,NS,berg_B3_NS,CR,NA,Bare Ground
2023,berg_B3,WE,berg_B3_WE,0L,Prionium serratum,NA
2023,berg_B3,WE,berg_B3_WE,0R,Prionium serratum,NA
2023,berg_B3,WE,berg_B3_WE,1L,NA,Bare Ground
2023,berg_B3,WE,berg_B3_WE,1R,NA,Bare Ground
2023,berg_B3,WE,berg_B3_WE,2L,NA,Bare Ground
2023,berg_B3,WE,berg_B3_WE,2R,NA,Bare Ground
2023,berg_B3,WE,berg_B3_WE,3L,NA,Bare Ground
2023,berg_B3,WE,berg_B3_WE,3R,NA,Bare Ground
2023,berg_B3,WE,berg_B3_WE,4L,NA,Bare Ground
2023,berg_B3,WE,berg_B3_WE,4R,NA,Bare Ground
2023,berg_B3,WE,berg_B3_WE,5L,NA,Bare Ground
2023,berg_B3,WE,berg_B3_WE,5R,NA,Bare Ground
2023,berg_B3,WE,berg_B3_WE,6L,Metrosideros angustifolia,NA
2023,berg_B3,WE,berg_B3_WE,6R,NA,Bare Ground
2023,berg_B3,WE,berg_B3_WE,7L,Metrosideros angustifolia,NA
2023,berg_B3,WE,berg_B3_WE,7R,Metrosideros angustifolia,NA
2023,berg_B3,WE,berg_B3_WE,8L,Metrosideros angustifolia,NA
2023,berg_B3,WE,berg_B3_WE,8R,Metrosideros angustifolia,NA
2023,berg_B3,WE,berg_B3_WE,9L,Metrosideros angustifolia,NA
2023,berg_B3,WE,berg_B3_WE,9R,Restio subverticillatus,NA
2023,berg_B4,NS,berg_B4_NS,0L,Briza maxima,NA
2023,berg_B4,NS,berg_B4_NS,0R,Pteridium aquilinum,NA
2023,berg_B4,NS,berg_B4_NS,1L,NA,Rock
2023,berg_B4,NS,berg_B4_NS,1R,Briza maxima,NA
2023,berg_B4,NS,berg_B4_NS,2L,Briza maxima,NA
2023,berg_B4,NS,berg_B4_NS,2R,Briza maxima,NA
2023,berg_B4,NS,berg_B4_NS,3L,Pteridium aquilinum,NA
2023,berg_B4,NS,berg_B4_NS,3R,Pteridium aquilinum,NA
2023,berg_B4,NS,berg_B4_NS,4L,NA,Rock
2023,berg_B4,NS,berg_B4_NS,4R,Seriphium plumosum,Dead
2023,berg_B4,NS,berg_B4_NS,5L,Pteridium aquilinum,NA
2023,berg_B4,NS,berg_B4_NS,5R,Pinus pinaster,NA
2023,berg_B4,NS,berg_B4_NS,6L,Pinus pinaster,NA
2023,berg_B4,NS,berg_B4_NS,6R,Pinus pinaster,NA
2023,berg_B4,NS,berg_B4_NS,7L,Pinus pinaster,NA
2023,berg_B4,NS,berg_B4_NS,7R,Pinus pinaster,NA
2023,berg_B4,NS,berg_B4_NS,8L,Ehrharta erecta,NA
2023,berg_B4,NS,berg_B4_NS,8R,Pteridium aquilinum,NA
2023,berg_B4,NS,berg_B4_NS,9L,Pteridium aquilinum,NA
2023,berg_B4,NS,berg_B4_NS,9R,Pteridium aquilinum,NA
2023,berg_B4,NS,berg_B4_NS,CL,NA,Rock
2023,berg_B4,NS,berg_B4_NS,CR,Pteridium aquilinum,NA
2023,berg_B4,WE,berg_B4_WE,0L,Pteridium aquilinum,NA
2023,berg_B4,WE,berg_B4_WE,0R,Pteridium aquilinum,NA
2023,berg_B4,WE,berg_B4_WE,1L,Ehrharta erecta,NA
2023,berg_B4,WE,berg_B4_WE,1R,Pteridium aquilinum,NA
2023,berg_B4,WE,berg_B4_WE,2L,Ehrharta erecta,NA
2023,berg_B4,WE,berg_B4_WE,2R,Pteridium aquilinum,NA
2023,berg_B4,WE,berg_B4_WE,3L,Ehrharta erecta,NA
2023,berg_B4,WE,berg_B4_WE,3R,Seriphium plumosum,NA
2023,berg_B4,WE,berg_B4_WE,4L,Seriphium plumosum,Dead
2023,berg_B4,WE,berg_B4_WE,4R,Pteridium aquilinum,NA
2023,berg_B4,WE,berg_B4_WE,5L,Pteridium aquilinum,NA
2023,berg_B4,WE,berg_B4_WE,5R,Briza maxima,NA
2023,berg_B4,WE,berg_B4_WE,6L,Cliffortia ruscifolia,NA
2023,berg_B4,WE,berg_B4_WE,6R,Cliffortia ruscifolia,NA
2023,berg_B4,WE,berg_B4_WE,7L,Pteridium aquilinum,NA
2023,berg_B4,WE,berg_B4_WE,7R,Pteridium aquilinum,NA
2023,berg_B4,WE,berg_B4_WE,8L,Pteridium aquilinum,NA
2023,berg_B4,WE,berg_B4_WE,8R,Briza maxima,NA
2023,berg_B4,WE,berg_B4_WE,9L,Acacia stricta,Dead
2023,berg_B4,WE,berg_B4_WE,9R,Seriphium plumosum,NA
2023,berg_B5,NS,berg_B5_NS,0L,Pennisetum clandestinum,NA
2023,berg_B5,NS,berg_B5_NS,0R,Pennisetum clandestinum,NA
2023,berg_B5,NS,berg_B5_NS,1L,Pennisetum clandestinum,NA
2023,berg_B5,NS,berg_B5_NS,1R,Rubus fruticosus,NA
2023,berg_B5,NS,berg_B5_NS,2L,Pennisetum clandestinum,NA
2023,berg_B5,NS,berg_B5_NS,2R,Vinca major,NA
2023,berg_B5,NS,berg_B5_NS,3L,Pennisetum clandestinum,NA
2023,berg_B5,NS,berg_B5_NS,3R,Pennisetum clandestinum,NA
2023,berg_B5,NS,berg_B5_NS,4L,Vinca major,NA
2023,berg_B5,NS,berg_B5_NS,4R,Pennisetum clandestinum,NA
2023,berg_B5,NS,berg_B5_NS,5L,Vinca major,NA
2023,berg_B5,NS,berg_B5_NS,5R,Quercus robur,NA
2023,berg_B5,NS,berg_B5_NS,6L,Galium spurium,NA
2023,berg_B5,NS,berg_B5_NS,6R,Pennisetum clandestinum,NA
2023,berg_B5,NS,berg_B5_NS,7L,Tropaeolum majus,NA
2023,berg_B5,NS,berg_B5_NS,7R,Galium spurium,NA
2023,berg_B5,NS,berg_B5_NS,8L,Rubus fruticosus,NA
2023,berg_B5,NS,berg_B5_NS,8R,Pennisetum clandestinum,NA
2023,berg_B5,NS,berg_B5_NS,9L,Pennisetum clandestinum,NA
2023,berg_B5,NS,berg_B5_NS,9R,Rubus fruticosus,NA
2023,berg_B5,NS,berg_B5_NS,CL,Pennisetum clandestinum,NA
2023,berg_B5,NS,berg_B5_NS,CR,Pennisetum clandestinum,NA
2023,berg_B5,WE,berg_B5_WE,0L,Rubus fruticosus,NA
2023,berg_B5,WE,berg_B5_WE,0R,NA,dead wood
2023,berg_B5,WE,berg_B5_WE,1L,Rubus fruticosus,NA
2023,berg_B5,WE,berg_B5_WE,1R,Rubus fruticosus,NA
2023,berg_B5,WE,berg_B5_WE,2L,Rubus fruticosus,NA
2023,berg_B5,WE,berg_B5_WE,2R,Rubus fruticosus,NA
2023,berg_B5,WE,berg_B5_WE,3L,Tropaeolum majus,NA
2023,berg_B5,WE,berg_B5_WE,3R,Galium spurium,NA
2023,berg_B5,WE,berg_B5_WE,4L,Rubus fruticosus,NA
2023,berg_B5,WE,berg_B5_WE,4R,Tropaeolum majus,NA
2023,berg_B5,WE,berg_B5_WE,5L,Pennisetum clandestinum,NA
2023,berg_B5,WE,berg_B5_WE,5R,Vinca major,NA
2023,berg_B5,WE,berg_B5_WE,6L,Pennisetum clandestinum,NA
2023,berg_B5,WE,berg_B5_WE,6R,Pennisetum clandestinum,NA
2023,berg_B5,WE,berg_B5_WE,7L,Pennisetum clandestinum,NA
2023,berg_B5,WE,berg_B5_WE,7R,Pennisetum clandestinum,NA
2023,berg_B5,WE,berg_B5_WE,8L,Tropaeolum majus,NA
2023,berg_B5,WE,berg_B5_WE,8R,Tropaeolum majus,NA
2023,berg_B5,WE,berg_B5_WE,9L,Quercus robur,dead
2023,berg_B5,WE,berg_B5_WE,9R,Quercus robur,dead
2023,berg_B6,NS,berg_B6_NS,0L,Erica caffra,NA
2023,berg_B6,NS,berg_B6_NS,0R,Erica caffra,NA
2023,berg_B6,NS,berg_B6_NS,1L,Erica caffra,NA
2023,berg_B6,NS,berg_B6_NS,1R,Erica caffra,NA
2023,berg_B6,NS,berg_B6_NS,2L,Cannomois virgata,NA
2023,berg_B6,NS,berg_B6_NS,2R,Erica caffra,NA
2023,berg_B6,NS,berg_B6_NS,3L,Ficinia nigrescens,NA
2023,berg_B6,NS,berg_B6_NS,3R,Drosera trinervia,NA
2023,berg_B6,NS,berg_B6_NS,4L,Tenaxia disticha,NA
2023,berg_B6,NS,berg_B6_NS,4R,Erica caffra,young
2023,berg_B6,NS,berg_B6_NS,5L,Restio subverticillatus,NA
2023,berg_B6,NS,berg_B6_NS,5R,Restio subverticillatus,NA
2023,berg_B6,NS,berg_B6_NS,6L,Struthiola myrsinites,NA
2023,berg_B6,NS,berg_B6_NS,6R,Struthiola myrsinites,NA
2023,berg_B6,NS,berg_B6_NS,7L,Brabejum stellatifolium,NA
2023,berg_B6,NS,berg_B6_NS,7R,Brabejum stellatifolium,NA
2023,berg_B6,NS,berg_B6_NS,8L,Brabejum stellatifolium,NA
2023,berg_B6,NS,berg_B6_NS,8R,Passerina corymbosa,NA
2023,berg_B6,NS,berg_B6_NS,9L,Brabejum stellatifolium,NA
2023,berg_B6,NS,berg_B6_NS,9R,Brabejum stellatifolium,NA
2023,berg_B6,NS,berg_B6_NS,CL,Restio subverticillatus,NA
2023,berg_B6,NS,berg_B6_NS,CR,Restio subverticillatus,NA
2023,berg_B6,WE,berg_B6_WE,0L,Seriphium plumosum,NA
2023,berg_B6,WE,berg_B6_WE,0R,Seriphium plumosum,NA
2023,berg_B6,WE,berg_B6_WE,1L,Metrosideros angustifolia,NA
2023,berg_B6,WE,berg_B6_WE,1R,Seriphium plumosum,dead
2023,berg_B6,WE,berg_B6_WE,2L,Metrosideros angustifolia,NA
2023,berg_B6,WE,berg_B6_WE,2R,Metrosideros angustifolia,NA
2023,berg_B6,WE,berg_B6_WE,3L,Erica muscosa,NA
2023,berg_B6,WE,berg_B6_WE,3R,Erica caffra,young
2023,berg_B6,WE,berg_B6_WE,4L,Erica muscosa,NA
2023,berg_B6,WE,berg_B6_WE,4R,Restio gaudichaudianus,NA
2023,berg_B6,WE,berg_B6_WE,5L,Struthiola myrsinites,NA
2023,berg_B6,WE,berg_B6_WE,5R,Restio gaudichaudianus,NA
2023,berg_B6,WE,berg_B6_WE,6L,Struthiola myrsinites,NA
2023,berg_B6,WE,berg_B6_WE,6R,Restio gaudichaudianus,NA
2023,berg_B6,WE,berg_B6_WE,7L,Seriphium plumosum,NA
2023,berg_B6,WE,berg_B6_WE,7R,Seriphium plumosum,NA
2023,berg_B6,WE,berg_B6_WE,8L,Restio gaudichaudianus,NA
2023,berg_B6,WE,berg_B6_WE,8R,Restio gaudichaudianus,NA
2023,berg_B6,WE,berg_B6_WE,9L,Seriphium plumosum,NA
2023,berg_B6,WE,berg_B6_WE,9R,Restio gaudichaudianus,NA
2023,berg_B7,NS,berg_B7_NS,0L,Pennisetum macrourum,NA
2023,berg_B7,NS,berg_B7_NS,0R,Pennisetum macrourum,NA
2023,berg_B7,NS,berg_B7_NS,1L,Pennisetum macrourum,NA
2023,berg_B7,NS,berg_B7_NS,1R,Pennisetum macrourum,NA
2023,berg_B7,NS,berg_B7_NS,2L,Pennisetum macrourum,NA
2023,berg_B7,NS,berg_B7_NS,2R,Pennisetum macrourum,NA
2023,berg_B7,NS,berg_B7_NS,3L,Pennisetum macrourum,NA
2023,berg_B7,NS,berg_B7_NS,3R,Pennisetum macrourum,NA
2023,berg_B7,NS,berg_B7_NS,4L,Pennisetum macrourum,NA
2023,berg_B7,NS,berg_B7_NS,4R,Pennisetum macrourum,NA
2023,berg_B7,NS,berg_B7_NS,5L,Pennisetum macrourum,NA
2023,berg_B7,NS,berg_B7_NS,5R,Pennisetum macrourum,NA
2023,berg_B7,NS,berg_B7_NS,6L,Pennisetum macrourum,NA
2023,berg_B7,NS,berg_B7_NS,6R,Pennisetum macrourum,NA
2023,berg_B7,NS,berg_B7_NS,7L,Pennisetum macrourum,NA
2023,berg_B7,NS,berg_B7_NS,7R,Pennisetum macrourum,NA
2023,berg_B7,NS,berg_B7_NS,8L,Pennisetum macrourum,NA
2023,berg_B7,NS,berg_B7_NS,8R,Pennisetum macrourum,NA
2023,berg_B7,NS,berg_B7_NS,9L,Pennisetum macrourum,NA
2023,berg_B7,NS,berg_B7_NS,9R,Helichrysum teretifolium,NA
2023,berg_B7,NS,berg_B7_NS,CL,Zantedeschia aethiopica,NA
2023,berg_B7,NS,berg_B7_NS,CR,Pennisetum macrourum,NA
2023,berg_B7,WE,berg_B7_WE,0L,Pennisetum macrourum,NA
2023,berg_B7,WE,berg_B7_WE,0R,Pennisetum macrourum,NA
2023,berg_B7,WE,berg_B7_WE,1L,Pennisetum macrourum,NA
2023,berg_B7,WE,berg_B7_WE,1R,Pennisetum macrourum,NA
2023,berg_B7,WE,berg_B7_WE,2L,Pennisetum macrourum,NA
2023,berg_B7,WE,berg_B7_WE,2R,Pennisetum macrourum,NA
2023,berg_B7,WE,berg_B7_WE,3L,Pennisetum macrourum,NA
2023,berg_B7,WE,berg_B7_WE,3R,Pennisetum macrourum,NA
2023,berg_B7,WE,berg_B7_WE,4L,Pennisetum macrourum,NA
2023,berg_B7,WE,berg_B7_WE,4R,Pennisetum macrourum,NA
2023,berg_B7,WE,berg_B7_WE,5L,Pennisetum macrourum,NA
2023,berg_B7,WE,berg_B7_WE,5R,Pennisetum macrourum,NA
2023,berg_B7,WE,berg_B7_WE,6L,Pennisetum macrourum,NA
2023,berg_B7,WE,berg_B7_WE,6R,Pennisetum macrourum,NA
2023,berg_B7,WE,berg_B7_WE,7L,Pennisetum macrourum,NA
2023,berg_B7,WE,berg_B7_WE,7R,Pennisetum macrourum,NA
2023,berg_B7,WE,berg_B7_WE,8L,Pennisetum macrourum,NA
2023,berg_B7,WE,berg_B7_WE,8R,Pennisetum macrourum,NA
2023,berg_B7,WE,berg_B7_WE,9L,Pennisetum macrourum,NA
2023,berg_B7,WE,berg_B7_WE,9R,Pennisetum macrourum,NA
2023,berg_B8,NS,berg_B8_NS,0L,Cynodon dactylon,NA
2023,berg_B8,NS,berg_B8_NS,0R,Pennisetum clandestinum,NA
2023,berg_B8,NS,berg_B8_NS,1L,NA,Bare Ground
2023,berg_B8,NS,berg_B8_NS,1R,NA,Bare Ground
2023,berg_B8,NS,berg_B8_NS,2L,Pennisetum macrourum,NA
2023,berg_B8,NS,berg_B8_NS,2R,Pennisetum macrourum,NA
2023,berg_B8,NS,berg_B8_NS,3L,Pennisetum macrourum,NA
2023,berg_B8,NS,berg_B8_NS,3R,Pennisetum macrourum,NA
2023,berg_B8,NS,berg_B8_NS,4L,NA,Bare ground
2023,berg_B8,NS,berg_B8_NS,4R,Pennisetum macrourum,NA
2023,berg_B8,NS,berg_B8_NS,5L,Pennisetum macrourum,NA
2023,berg_B8,NS,berg_B8_NS,5R,Pennisetum macrourum,NA
2023,berg_B8,NS,berg_B8_NS,6L,NA,Bare ground
2023,berg_B8,NS,berg_B8_NS,6R,Pennisetum macrourum,NA
2023,berg_B8,NS,berg_B8_NS,7L,NA,Bare ground
2023,berg_B8,NS,berg_B8_NS,7R,Pennisetum macrourum,NA
2023,berg_B8,NS,berg_B8_NS,8L,NA,Bare ground
2023,berg_B8,NS,berg_B8_NS,8R,NA,Bare ground
2023,berg_B8,NS,berg_B8_NS,9L,Pennisetum macrourum,NA
2023,berg_B8,NS,berg_B8_NS,9R,NA,Bare ground
2023,berg_B8,NS,berg_B8_NS,CL,NA,Bare ground
2023,berg_B8,NS,berg_B8_NS,CR,Pennisetum macrourum,NA
2023,berg_B8,WE,berg_B8_WE,0L,Pennisetum macrourum,NA
2023,berg_B8,WE,berg_B8_WE,0R,Pennisetum macrourum,NA
2023,berg_B8,WE,berg_B8_WE,1L,Pennisetum macrourum,NA
2023,berg_B8,WE,berg_B8_WE,1R,Pennisetum macrourum,NA
2023,berg_B8,WE,berg_B8_WE,2L,Pennisetum macrourum,NA
2023,berg_B8,WE,berg_B8_WE,2R,Pennisetum macrourum,NA
2023,berg_B8,WE,berg_B8_WE,3L,NA,Bare Ground
2023,berg_B8,WE,berg_B8_WE,3R,Pennisetum macrourum,NA
2023,berg_B8,WE,berg_B8_WE,4L,Pennisetum macrourum,NA
2023,berg_B8,WE,berg_B8_WE,4R,Pennisetum macrourum,NA
2023,berg_B8,WE,berg_B8_WE,5L,Pennisetum macrourum,NA
2023,berg_B8,WE,berg_B8_WE,5R,Pennisetum macrourum,NA
2023,berg_B8,WE,berg_B8_WE,6L,Pennisetum macrourum,NA
2023,berg_B8,WE,berg_B8_WE,6R,Pennisetum macrourum,NA
2023,berg_B8,WE,berg_B8_WE,7L,NA,Bare Ground
2023,berg_B8,WE,berg_B8_WE,7R,NA,Bare Ground
2023,berg_B8,WE,berg_B8_WE,8L,NA,Bare Ground
2023,berg_B8,WE,berg_B8_WE,8R,Pennisetum clandestinum,NA
2023,berg_B8,WE,berg_B8_WE,9L,NA,Bare Ground
2023,berg_B8,WE,berg_B8_WE,9R,Cynodon dactylon,NA
2023,berg_B9,NS,berg_B9_NS,0L,Seriphium plumosum,NA
2023,berg_B9,NS,berg_B9_NS,0R,Seriphium plumosum,NA
2023,berg_B9,NS,berg_B9_NS,1L,Seriphium plumosum,NA
2023,berg_B9,NS,berg_B9_NS,1R,Seriphium plumosum,NA
2023,berg_B9,NS,berg_B9_NS,2L,Helichrysum revolutum,NA
2023,berg_B9,NS,berg_B9_NS,2R,Seriphium plumosum,NA
2023,berg_B9,NS,berg_B9_NS,3L,Helichrysum revolutum,NA
2023,berg_B9,NS,berg_B9_NS,3R,Echium plantagineum,NA
2023,berg_B9,NS,berg_B9_NS,4L,Seriphium plumosum,NA
2023,berg_B9,NS,berg_B9_NS,4R,Seriphium plumosum,NA
2023,berg_B9,NS,berg_B9_NS,5L,Echium plantagineum,NA
2023,berg_B9,NS,berg_B9_NS,5R,Echium plantagineum,NA
2023,berg_B9,NS,berg_B9_NS,6L,Echium plantagineum,NA
2023,berg_B9,NS,berg_B9_NS,6R,Echium plantagineum,NA
2023,berg_B9,NS,berg_B9_NS,7L,Ehrharta longiflora,NA
2023,berg_B9,NS,berg_B9_NS,7R,Briza minor,NA
2023,berg_B9,NS,berg_B9_NS,8L,Echium plantagineum,NA
2023,berg_B9,NS,berg_B9_NS,8R,Echium plantagineum,NA
2023,berg_B9,NS,berg_B9_NS,9L,Pelargonium grossularioides,NA
2023,berg_B9,NS,berg_B9_NS,9R,Seriphium plumosum,NA
2023,berg_B9,NS,berg_B9_NS,CL,Hypochaeris radicata,NA
2023,berg_B9,NS,berg_B9_NS,CR,Briza minor,NA
2023,berg_B9,WE,berg_B9_WE,0L,Helichrysum revolutum,NA
2023,berg_B9,WE,berg_B9_WE,0R,Seriphium plumosum,NA
2023,berg_B9,WE,berg_B9_WE,1L,Polycarpon tetraphyllum,NA
2023,berg_B9,WE,berg_B9_WE,1R,Helichrysum revolutum,NA
2023,berg_B9,WE,berg_B9_WE,2L,Seriphium plumosum,NA
2023,berg_B9,WE,berg_B9_WE,2R,Seriphium plumosum,NA
2023,berg_B9,WE,berg_B9_WE,3L,Seriphium plumosum,NA
2023,berg_B9,WE,berg_B9_WE,3R,Helichrysum revolutum,NA
2023,berg_B9,WE,berg_B9_WE,4L,Polycarpon tetraphyllum,NA
2023,berg_B9,WE,berg_B9_WE,4R,Helichrysum revolutum,NA
2023,berg_B9,WE,berg_B9_WE,5L,Hypochaeris radicata,NA
2023,berg_B9,WE,berg_B9_WE,5R,Echium plantagineum,NA
2023,berg_B9,WE,berg_B9_WE,6L,Hypochaeris radicata,NA
2023,berg_B9,WE,berg_B9_WE,6R,Echium plantagineum,NA
2023,berg_B9,WE,berg_B9_WE,7L,Helichrysum revolutum,NA
2023,berg_B9,WE,berg_B9_WE,7R,Helichrysum revolutum,NA
2023,berg_B9,WE,berg_B9_WE,8L,Oenothera sp.,NA
2023,berg_B9,WE,berg_B9_WE,8R,Helichrysum revolutum,NA
2023,berg_B9,WE,berg_B9_WE,9L,Helichrysum revolutum,NA
2023,berg_B9,WE,berg_B9_WE,9R,Helichrysum revolutum,NA
2023,berg_Gauge1160263,NS,berg_Gauge1160263_NS,0L,Salix babylonica,NA
2023,berg_Gauge1160263,NS,berg_Gauge1160263_NS,0R,Salix babylonica,NA
2023,berg_Gauge1160263,NS,berg_Gauge1160263_NS,1L,Salix babylonica,NA
2023,berg_Gauge1160263,NS,berg_Gauge1160263_NS,1R,Salix babylonica,NA
2023,berg_Gauge1160263,NS,berg_Gauge1160263_NS,2L,Salix babylonica,NA
2023,berg_Gauge1160263,NS,berg_Gauge1160263_NS,2R,NA,sand
2023,berg_Gauge1160263,NS,berg_Gauge1160263_NS,3L,Salix babylonica,NA
2023,berg_Gauge1160263,NS,berg_Gauge1160263_NS,3R,Pennisetum clandestinum,NA
2023,berg_Gauge1160263,NS,berg_Gauge1160263_NS,4L,NA,dead plant
2023,berg_Gauge1160263,NS,berg_Gauge1160263_NS,4R,NA,dead plant
2023,berg_Gauge1160263,NS,berg_Gauge1160263_NS,5L,NA,sand
2023,berg_Gauge1160263,NS,berg_Gauge1160263_NS,5R,Populus canescens,NA
2023,berg_Gauge1160263,NS,berg_Gauge1160263_NS,6L,Populus canescens,NA
2023,berg_Gauge1160263,NS,berg_Gauge1160263_NS,6R,Populus canescens,NA
2023,berg_Gauge1160263,NS,berg_Gauge1160263_NS,7L,Populus canescens,NA
2023,berg_Gauge1160263,NS,berg_Gauge1160263_NS,7R,NA,sand
2023,berg_Gauge1160263,NS,berg_Gauge1160263_NS,8L,Populus canescens,NA
2023,berg_Gauge1160263,NS,berg_Gauge1160263_NS,8R,Eucalyptus camaldulensis,NA
2023,berg_Gauge1160263,NS,berg_Gauge1160263_NS,9L,Populus canescens,NA
2023,berg_Gauge1160263,NS,berg_Gauge1160263_NS,9R,Eucalyptus camaldulensis,NA
2023,berg_Gauge1160263,NS,berg_Gauge1160263_NS,CL,Commelina benghalensis,NA
2023,berg_Gauge1160263,NS,berg_Gauge1160263_NS,CR,Commelina benghalensis,NA
2023,berg_Gauge1160263,WE,berg_Gauge1160263_WE,0L,Salix babylonica,NA
2023,berg_Gauge1160263,WE,berg_Gauge1160263_WE,0R,Salix babylonica,NA
2023,berg_Gauge1160263,WE,berg_Gauge1160263_WE,1L,NA,sand
2023,berg_Gauge1160263,WE,berg_Gauge1160263_WE,1R,NA,sand
2023,berg_Gauge1160263,WE,berg_Gauge1160263_WE,2L,Melaleuca sp.,NA
2023,berg_Gauge1160263,WE,berg_Gauge1160263_WE,2R,Melaleuca sp.,NA
2023,berg_Gauge1160263,WE,berg_Gauge1160263_WE,3L,NA,dead wood
2023,berg_Gauge1160263,WE,berg_Gauge1160263_WE,3R,Commelina benghalensis,NA
2023,berg_Gauge1160263,WE,berg_Gauge1160263_WE,4L,NA,sand
2023,berg_Gauge1160263,WE,berg_Gauge1160263_WE,4R,Commelina benghalensis,NA
2023,berg_Gauge1160263,WE,berg_Gauge1160263_WE,5L,NA,sand
2023,berg_Gauge1160263,WE,berg_Gauge1160263_WE,5R,Commelina benghalensis,NA
2023,berg_Gauge1160263,WE,berg_Gauge1160263_WE,6L,Rumex cordatus,NA
2023,berg_Gauge1160263,WE,berg_Gauge1160263_WE,6R,NA,sand
2023,berg_Gauge1160263,WE,berg_Gauge1160263_WE,7L,Sesbania sesban,NA
2023,berg_Gauge1160263,WE,berg_Gauge1160263_WE,7R,NA,sand
2023,berg_Gauge1160263,WE,berg_Gauge1160263_WE,8L,Salix babylonica,NA
2023,berg_Gauge1160263,WE,berg_Gauge1160263_WE,8R,Salix babylonica,NA
2023,berg_Gauge1160263,WE,berg_Gauge1160263_WE,9L,Salix babylonica (Salix mutsudana synonym),NA
2023,berg_Gauge1160263,WE,berg_Gauge1160263_WE,9R,Salix babylonica,NA
2023,berg_Gauge1160265,NS,berg_Gauge1160265_NS,0L,Eragrostis curvula,NA
2023,berg_Gauge1160265,NS,berg_Gauge1160265_NS,0R,NA,Bareground
2023,berg_Gauge1160265,NS,berg_Gauge1160265_NS,1L,Eragrostis curvula,NA
2023,berg_Gauge1160265,NS,berg_Gauge1160265_NS,1R,Lolium perenne,dead
2023,berg_Gauge1160265,NS,berg_Gauge1160265_NS,2L,Eragrostis curvula,NA
2023,berg_Gauge1160265,NS,berg_Gauge1160265_NS,2R,Eragrostis curvula,NA
2023,berg_Gauge1160265,NS,berg_Gauge1160265_NS,3L,Eragrostis curvula,NA
2023,berg_Gauge1160265,NS,berg_Gauge1160265_NS,3R,Eragrostis curvula,NA
2023,berg_Gauge1160265,NS,berg_Gauge1160265_NS,4L,Lolium perenne,dead
2023,berg_Gauge1160265,NS,berg_Gauge1160265_NS,4R,NA,Bareground
2023,berg_Gauge1160265,NS,berg_Gauge1160265_NS,5L,NA,baresoil/deadveg
2023,berg_Gauge1160265,NS,berg_Gauge1160265_NS,5R,Eragrostis curvula,NA
2023,berg_Gauge1160265,NS,berg_Gauge1160265_NS,6L,NA,baresoil/deadveg
2023,berg_Gauge1160265,NS,berg_Gauge1160265_NS,6R,Lolium perenne,dead
2023,berg_Gauge1160265,NS,berg_Gauge1160265_NS,7L,NA,baresoil/deadveg
2023,berg_Gauge1160265,NS,berg_Gauge1160265_NS,7R,NA,baresoil/deadveg
2023,berg_Gauge1160265,NS,berg_Gauge1160265_NS,8L,Helichrysum indicum,NA
2023,berg_Gauge1160265,NS,berg_Gauge1160265_NS,8R,NA,baresoil/deadveg
2023,berg_Gauge1160265,NS,berg_Gauge1160265_NS,9L,Eragrostis curvula,NA
2023,berg_Gauge1160265,NS,berg_Gauge1160265_NS,9R,Eragrostis curvula,NA
2023,berg_Gauge1160265,NS,berg_Gauge1160265_NS,CL,Panicum maximum,NA
2023,berg_Gauge1160265,NS,berg_Gauge1160265_NS,CR,Panicum maximum,NA
2023,berg_Gauge1160265,WE,berg_Gauge1160265_WE,0L,Searsia lancea,NA
2023,berg_Gauge1160265,WE,berg_Gauge1160265_WE,0R,Searsia lancea,NA
2023,berg_Gauge1160265,WE,berg_Gauge1160265_WE,1L,NA,bare ground
2023,berg_Gauge1160265,WE,berg_Gauge1160265_WE,1R,Searsia lancea,NA
2023,berg_Gauge1160265,WE,berg_Gauge1160265_WE,2L,Helichrysum indicum,NA
2023,berg_Gauge1160265,WE,berg_Gauge1160265_WE,2R,Eragrostis curvula,NA
2023,berg_Gauge1160265,WE,berg_Gauge1160265_WE,3L,NA,bare ground
2023,berg_Gauge1160265,WE,berg_Gauge1160265_WE,3R,Eragrostis curvula,NA
2023,berg_Gauge1160265,WE,berg_Gauge1160265_WE,4L,Eragrostis curvula,NA
2023,berg_Gauge1160265,WE,berg_Gauge1160265_WE,4R,Ehrharta calycina,NA
2023,berg_Gauge1160265,WE,berg_Gauge1160265_WE,5L,Eragrostis curvula,NA
2023,berg_Gauge1160265,WE,berg_Gauge1160265_WE,5R,Ehrharta calycina,NA
2023,berg_Gauge1160265,WE,berg_Gauge1160265_WE,6L,Eragrostis curvula,NA
2023,berg_Gauge1160265,WE,berg_Gauge1160265_WE,6R,Panicum maximum,NA
2023,berg_Gauge1160265,WE,berg_Gauge1160265_WE,7L,Ehrharta calycina,NA
2023,berg_Gauge1160265,WE,berg_Gauge1160265_WE,7R,Cynodon dactylon,NA
2023,berg_Gauge1160265,WE,berg_Gauge1160265_WE,8L,NA,leaflitter
2023,berg_Gauge1160265,WE,berg_Gauge1160265_WE,8R,Ehrharta calycina,NA
2023,berg_Gauge1160265,WE,berg_Gauge1160265_WE,9L,Helichrysum indicum,NA
2023,berg_Gauge1160265,WE,berg_Gauge1160265_WE,9R,Bromus diandrus,NA
2023,berg_Gauge1160266,NS,berg_Gauge1160266_NS,0L,Lolium perenne,NA
2023,berg_Gauge1160266,NS,berg_Gauge1160266_NS,0R,Lolium perenne,NA
2023,berg_Gauge1160266,NS,berg_Gauge1160266_NS,1L,Cynodon dactylon,NA
2023,berg_Gauge1160266,NS,berg_Gauge1160266_NS,1R,Lolium perenne,NA
2023,berg_Gauge1160266,NS,berg_Gauge1160266_NS,2L,Lolium perenne,NA
2023,berg_Gauge1160266,NS,berg_Gauge1160266_NS,2R,Lolium perenne,NA
2023,berg_Gauge1160266,NS,berg_Gauge1160266_NS,3L,Phragmites australis,NA
2023,berg_Gauge1160266,NS,berg_Gauge1160266_NS,3R,Lolium perenne,NA
2023,berg_Gauge1160266,NS,berg_Gauge1160266_NS,4L,Phragmites australis,NA
2023,berg_Gauge1160266,NS,berg_Gauge1160266_NS,4R,Lolium perenne,NA
2023,berg_Gauge1160266,NS,berg_Gauge1160266_NS,5L,Phragmites australis,NA
2023,berg_Gauge1160266,NS,berg_Gauge1160266_NS,5R,NA,Bare soil
2023,berg_Gauge1160266,NS,berg_Gauge1160266_NS,6L,Phragmites australis,NA
2023,berg_Gauge1160266,NS,berg_Gauge1160266_NS,6R,Phragmites australis,NA
2023,berg_Gauge1160266,NS,berg_Gauge1160266_NS,7L,(Arrow leaf- unidentified),NA
2023,berg_Gauge1160266,NS,berg_Gauge1160266_NS,7R,Phragmites australis,NA
2023,berg_Gauge1160266,NS,berg_Gauge1160266_NS,8L,Phragmites australis,NA
2023,berg_Gauge1160266,NS,berg_Gauge1160266_NS,8R,Phragmites australis,NA
2023,berg_Gauge1160266,NS,berg_Gauge1160266_NS,9L,Buddleja salviifolia,NA
2023,berg_Gauge1160266,NS,berg_Gauge1160266_NS,9R,Buddleja salviifolia,NA
2023,berg_Gauge1160266,NS,berg_Gauge1160266_NS,CL,Phragmites australis,NA
2023,berg_Gauge1160266,NS,berg_Gauge1160266_NS,CR,Lolium perenne,NA
2023,berg_Gauge1160266,WE,berg_Gauge1160266_WE,0L,Phragmites australis,NA
2023,berg_Gauge1160266,WE,berg_Gauge1160266_WE,0R,Cynodon dactylon,NA
2023,berg_Gauge1160266,WE,berg_Gauge1160266_WE,1L,Lolium perenne,NA
2023,berg_Gauge1160266,WE,berg_Gauge1160266_WE,1R,Lolium perenne,NA
2023,berg_Gauge1160266,WE,berg_Gauge1160266_WE,2L,Phragmites australis,NA
2023,berg_Gauge1160266,WE,berg_Gauge1160266_WE,2R,Phragmites australis,NA
2023,berg_Gauge1160266,WE,berg_Gauge1160266_WE,3L,Phragmites australis,NA
2023,berg_Gauge1160266,WE,berg_Gauge1160266_WE,3R,Phragmites australis,NA
2023,berg_Gauge1160266,WE,berg_Gauge1160266_WE,4L,Phragmites australis,NA
2023,berg_Gauge1160266,WE,berg_Gauge1160266_WE,4R,Phragmites australis,NA
2023,berg_Gauge1160266,WE,berg_Gauge1160266_WE,5L,Phragmites australis,NA
2023,berg_Gauge1160266,WE,berg_Gauge1160266_WE,5R,Phragmites australis,NA
2023,berg_Gauge1160266,WE,berg_Gauge1160266_WE,6L,Phragmites australis,NA
2023,berg_Gauge1160266,WE,berg_Gauge1160266_WE,6R,(Tooth-edged sapling- unidentified),NA
2023,berg_Gauge1160266,WE,berg_Gauge1160266_WE,7L,Phragmites australis,NA
2023,berg_Gauge1160266,WE,berg_Gauge1160266_WE,7R,Phragmites australis,NA
2023,berg_Gauge1160266,WE,berg_Gauge1160266_WE,8L,Eucalyptus camaldulensis,NA
2023,berg_Gauge1160266,WE,berg_Gauge1160266_WE,8R,Phragmites australis,NA
2023,berg_Gauge1160266,WE,berg_Gauge1160266_WE,9L,Eucalyptus camaldulensis,NA
2023,berg_Gauge1160266,WE,berg_Gauge1160266_WE,9R,Phragmites australis,NA
2023,berg_Gauge1160295,NS,berg_Gauge1160295_NS,0L,Echium plantagineum,NA
2023,berg_Gauge1160295,NS,berg_Gauge1160295_NS,0R,Pennisetum clandestinum,NA
2023,berg_Gauge1160295,NS,berg_Gauge1160295_NS,1L,Briza maxima,NA
2023,berg_Gauge1160295,NS,berg_Gauge1160295_NS,1R,Briza maxima,NA
2023,berg_Gauge1160295,NS,berg_Gauge1160295_NS,2L,Acacia mearnsii,NA
2023,berg_Gauge1160295,NS,berg_Gauge1160295_NS,2R,Searsia lancea,NA
2023,berg_Gauge1160295,NS,berg_Gauge1160295_NS,3L,Searsia lancea,NA
2023,berg_Gauge1160295,NS,berg_Gauge1160295_NS,3R,Searsia lancea,NA
2023,berg_Gauge1160295,NS,berg_Gauge1160295_NS,4L,NA,dead log
2023,berg_Gauge1160295,NS,berg_Gauge1160295_NS,4R,Pennisetum clandestinum,NA
2023,berg_Gauge1160295,NS,berg_Gauge1160295_NS,5L,Gleditsia triacanthos,NA
2023,berg_Gauge1160295,NS,berg_Gauge1160295_NS,5R,Gleditsia triacanthos,NA
2023,berg_Gauge1160295,NS,berg_Gauge1160295_NS,6L,Gleditsia triacanthos,NA
2023,berg_Gauge1160295,NS,berg_Gauge1160295_NS,6R,Gleditsia triacanthos,NA
2023,berg_Gauge1160295,NS,berg_Gauge1160295_NS,7L,Gleditsia triacanthos,NA
2023,berg_Gauge1160295,NS,berg_Gauge1160295_NS,7R,Gleditsia triacanthos,NA
2023,berg_Gauge1160295,NS,berg_Gauge1160295_NS,8L,Searsia lancea,NA
2023,berg_Gauge1160295,NS,berg_Gauge1160295_NS,8R,Pennisetum clandestinum,NA
2023,berg_Gauge1160295,NS,berg_Gauge1160295_NS,9L,Melia azedarach,NA
2023,berg_Gauge1160295,NS,berg_Gauge1160295_NS,9R,Melia azedarach,NA
2023,berg_Gauge1160295,NS,berg_Gauge1160295_NS,CL,Pennisetum clandestinum,NA
2023,berg_Gauge1160295,NS,berg_Gauge1160295_NS,CR,Pennisetum clandestinum,NA
2023,berg_Gauge1160295,WE,berg_Gauge1160295_WE,0L,Acacia longifolia,NA
2023,berg_Gauge1160295,WE,berg_Gauge1160295_WE,0R,Acacia longifolia,NA
2023,berg_Gauge1160295,WE,berg_Gauge1160295_WE,1L,Acacia longifolia,NA
2023,berg_Gauge1160295,WE,berg_Gauge1160295_WE,1R,Acacia longifolia,NA
2023,berg_Gauge1160295,WE,berg_Gauge1160295_WE,2L,Pennisetum clandestinum,NA
2023,berg_Gauge1160295,WE,berg_Gauge1160295_WE,2R,Acacia longifolia,NA
2023,berg_Gauge1160295,WE,berg_Gauge1160295_WE,3L,Melia azedarach,NA
2023,berg_Gauge1160295,WE,berg_Gauge1160295_WE,3R,Melia azedarach,NA
2023,berg_Gauge1160295,WE,berg_Gauge1160295_WE,4L,Melia azedarach,NA
2023,berg_Gauge1160295,WE,berg_Gauge1160295_WE,4R,Gleditsia triacanthos,NA
2023,berg_Gauge1160295,WE,berg_Gauge1160295_WE,5L,Briza maxima,NA
2023,berg_Gauge1160295,WE,berg_Gauge1160295_WE,5R,Pennisetum clandestinum,NA
2023,berg_Gauge1160295,WE,berg_Gauge1160295_WE,6L,Searsia lancea,NA
2023,berg_Gauge1160295,WE,berg_Gauge1160295_WE,6R,Searsia lancea,NA
2023,berg_Gauge1160295,WE,berg_Gauge1160295_WE,7L,Searsia lancea,NA
2023,berg_Gauge1160295,WE,berg_Gauge1160295_WE,7R,Searsia lancea,NA
2023,berg_Gauge1160295,WE,berg_Gauge1160295_WE,8L,Searsia lancea,NA
2023,berg_Gauge1160295,WE,berg_Gauge1160295_WE,8R,Pennisetum clandestinum,NA
2023,berg_Gauge1160295,WE,berg_Gauge1160295_WE,9L,Searsia lancea,NA
2023,berg_Gauge1160295,WE,berg_Gauge1160295_WE,9R,Searsia lancea,NA
2023,eerste_E1,NS,eerste_E1_NS,0L,Olea europaea,NA
2023,eerste_E1,NS,eerste_E1_NS,0R,Olea europaea,NA
2023,eerste_E1,NS,eerste_E1_NS,1L,Olea europaea,NA
2023,eerste_E1,NS,eerste_E1_NS,1R,Olea europaea,NA
2023,eerste_E1,NS,eerste_E1_NS,2L,Olea europaea,NA
2023,eerste_E1,NS,eerste_E1_NS,2R,Olea europaea,NA
2023,eerste_E1,NS,eerste_E1_NS,3L,NA,bare soil
2023,eerste_E1,NS,eerste_E1_NS,3R,NA,bare soil
2023,eerste_E1,NS,eerste_E1_NS,4L,Pennisetum clandestinum,NA
2023,eerste_E1,NS,eerste_E1_NS,4R,Pennisetum clandestinum,NA
2023,eerste_E1,NS,eerste_E1_NS,5L,Olea europaea,NA
2023,eerste_E1,NS,eerste_E1_NS,5R,Olea europaea,NA
2023,eerste_E1,NS,eerste_E1_NS,6L,Olea europaea,NA
2023,eerste_E1,NS,eerste_E1_NS,6R,Olea europaea,NA
2023,eerste_E1,NS,eerste_E1_NS,7L,Olea europaea,NA
2023,eerste_E1,NS,eerste_E1_NS,7R,Olea europaea,NA
2023,eerste_E1,NS,eerste_E1_NS,8L,Olea europaea,NA
2023,eerste_E1,NS,eerste_E1_NS,8R,Olea europaea,NA
2023,eerste_E1,NS,eerste_E1_NS,9L,Olea europaea,NA
2023,eerste_E1,NS,eerste_E1_NS,9R,Olea europaea,NA
2023,eerste_E1,NS,eerste_E1_NS,CL,Pennisetum clandestinum,NA
2023,eerste_E1,NS,eerste_E1_NS,CR,NA,bare soil
2023,eerste_E1,WE,eerste_E1_WE,0L,Populus canescens,NA
2023,eerste_E1,WE,eerste_E1_WE,0R,Pennisetum clandestinum,NA
2023,eerste_E1,WE,eerste_E1_WE,1L,Pennisetum clandestinum,NA
2023,eerste_E1,WE,eerste_E1_WE,1R,Pennisetum clandestinum,NA
2023,eerste_E1,WE,eerste_E1_WE,2L,NA,bare soil
2023,eerste_E1,WE,eerste_E1_WE,2R,Populus canescens,NA
2023,eerste_E1,WE,eerste_E1_WE,3L,NA,bare soil
2023,eerste_E1,WE,eerste_E1_WE,3R,NA,bare soil
2023,eerste_E1,WE,eerste_E1_WE,4L,Pennisetum clandestinum,NA
2023,eerste_E1,WE,eerste_E1_WE,4R,Pennisetum clandestinum,NA
2023,eerste_E1,WE,eerste_E1_WE,5L,Pennisetum clandestinum,NA
2023,eerste_E1,WE,eerste_E1_WE,5R,Echium plantagineum,NA
2023,eerste_E1,WE,eerste_E1_WE,6L,Senecio pterophorus,NA
2023,eerste_E1,WE,eerste_E1_WE,6R,Rumex crispus,NA
2023,eerste_E1,WE,eerste_E1_WE,7L,Echium plantagineum,NA
2023,eerste_E1,WE,eerste_E1_WE,7R,Echium plantagineum,NA
2023,eerste_E1,WE,eerste_E1_WE,8L,Bromus diandrus,NA
2023,eerste_E1,WE,eerste_E1_WE,8R,Malva multiflora,NA
2023,eerste_E1,WE,eerste_E1_WE,9L,Malva multiflora,NA
2023,eerste_E1,WE,eerste_E1_WE,9R,Bromus diandrus,NA
2023,eerste_E2,NS,eerste_E2_NS,0L,Bromus catharticus,NA
2023,eerste_E2,NS,eerste_E2_NS,0R,Bromus catharticus,NA
2023,eerste_E2,NS,eerste_E2_NS,1L,Tropaeolum majus,NA
2023,eerste_E2,NS,eerste_E2_NS,1R,Tropaeolum majus,NA
2023,eerste_E2,NS,eerste_E2_NS,2L,Tropaeolum majus,NA
2023,eerste_E2,NS,eerste_E2_NS,2R,Tropaeolum majus,NA
2023,eerste_E2,NS,eerste_E2_NS,3L,Bromus catharticus,NA
2023,eerste_E2,NS,eerste_E2_NS,3R,Tropaeolum majus,NA
2023,eerste_E2,NS,eerste_E2_NS,4L,Ricinus communis,NA
2023,eerste_E2,NS,eerste_E2_NS,4R,Bromus catharticus,NA
2023,eerste_E2,NS,eerste_E2_NS,5L,Tropaeolum majus,NA
2023,eerste_E2,NS,eerste_E2_NS,5R,Bromus catharticus,NA
2023,eerste_E2,NS,eerste_E2_NS,6L,Bromus catharticus,NA
2023,eerste_E2,NS,eerste_E2_NS,6R,Bromus catharticus,NA
2023,eerste_E2,NS,eerste_E2_NS,7L,Colocasia esculenta,NA
2023,eerste_E2,NS,eerste_E2_NS,7R,Colocasia esculenta,NA
2023,eerste_E2,NS,eerste_E2_NS,8L,Colocasia esculenta,NA
2023,eerste_E2,NS,eerste_E2_NS,8R,Colocasia esculenta,NA
2023,eerste_E2,NS,eerste_E2_NS,9L,Colocasia esculenta,NA
2023,eerste_E2,NS,eerste_E2_NS,9R,Colocasia esculenta,NA
2023,eerste_E2,NS,eerste_E2_NS,CL,Tropaeolum majus,NA
2023,eerste_E2,NS,eerste_E2_NS,CR,Bromus catharticus,NA
2023,eerste_E2,WE,eerste_E2_WE,0L,Melia azedarach,NA
2023,eerste_E2,WE,eerste_E2_WE,0R,Melia azedarach,NA
2023,eerste_E2,WE,eerste_E2_WE,1L,Melia azedarach,NA
2023,eerste_E2,WE,eerste_E2_WE,1R,Melia azedarach,NA
2023,eerste_E2,WE,eerste_E2_WE,2L,Ricinus communis,NA
2023,eerste_E2,WE,eerste_E2_WE,2R,Melia azedarach,NA
2023,eerste_E2,WE,eerste_E2_WE,3L,Ricinus communis,NA
2023,eerste_E2,WE,eerste_E2_WE,3R,Ricinus communis,NA
2023,eerste_E2,WE,eerste_E2_WE,4L,Tropaeolum majus,NA
2023,eerste_E2,WE,eerste_E2_WE,4R,Tropaeolum majus,NA
2023,eerste_E2,WE,eerste_E2_WE,5L,Bromus catharticus,NA
2023,eerste_E2,WE,eerste_E2_WE,5R,Tropaeolum majus,NA
2023,eerste_E2,WE,eerste_E2_WE,6L,Bromus catharticus,NA
2023,eerste_E2,WE,eerste_E2_WE,6R,Bromus catharticus,NA
2023,eerste_E2,WE,eerste_E2_WE,7L,Tropaeolum majus,NA
2023,eerste_E2,WE,eerste_E2_WE,7R,Bromus catharticus,NA
2023,eerste_E2,WE,eerste_E2_WE,8L,Tropaeolum majus,NA
2023,eerste_E2,WE,eerste_E2_WE,8R,Torilis africana,NA
2023,eerste_E2,WE,eerste_E2_WE,9L,Torilis africana,NA
2023,eerste_E2,WE,eerste_E2_WE,9R,Lolium perenne,NA
2023,eerste_E3,NS,eerste_E3_NS,0L,Quercus robur,NA
2023,eerste_E3,NS,eerste_E3_NS,0R,Quercus robur,NA
2023,eerste_E3,NS,eerste_E3_NS,1L,Quercus robur,NA
2023,eerste_E3,NS,eerste_E3_NS,1R,Quercus robur,NA
2023,eerste_E3,NS,eerste_E3_NS,2L,Quercus robur,NA
2023,eerste_E3,NS,eerste_E3_NS,2R,Quercus robur,NA
2023,eerste_E3,NS,eerste_E3_NS,3L,Quercus robur,NA
2023,eerste_E3,NS,eerste_E3_NS,3R,Quercus robur,NA
2023,eerste_E3,NS,eerste_E3_NS,4L,Quercus robur,NA
2023,eerste_E3,NS,eerste_E3_NS,4R,Quercus robur,NA
2023,eerste_E3,NS,eerste_E3_NS,5L,Quercus robur,NA
2023,eerste_E3,NS,eerste_E3_NS,5R,Quercus robur,NA
2023,eerste_E3,NS,eerste_E3_NS,6L,Quercus robur,NA
2023,eerste_E3,NS,eerste_E3_NS,6R,Quercus robur,NA
2023,eerste_E3,NS,eerste_E3_NS,7L,Quercus robur,NA
2023,eerste_E3,NS,eerste_E3_NS,7R,Quercus robur,NA
2023,eerste_E3,NS,eerste_E3_NS,8L,Quercus robur,NA
2023,eerste_E3,NS,eerste_E3_NS,8R,Quercus robur,NA
2023,eerste_E3,NS,eerste_E3_NS,9L,Quercus robur,NA
2023,eerste_E3,NS,eerste_E3_NS,9R,Quercus robur,NA
2023,eerste_E3,NS,eerste_E3_NS,CL,Quercus robur,NA
2023,eerste_E3,NS,eerste_E3_NS,CR,Quercus robur,NA
2023,eerste_E3,WE,eerste_E3_WE,0L,Quercus robur,NA
2023,eerste_E3,WE,eerste_E3_WE,0R,Quercus robur,NA
2023,eerste_E3,WE,eerste_E3_WE,1L,Quercus robur,NA
2023,eerste_E3,WE,eerste_E3_WE,1R,Quercus robur,NA
2023,eerste_E3,WE,eerste_E3_WE,2L,Quercus robur,NA
2023,eerste_E3,WE,eerste_E3_WE,2R,Quercus robur,NA
2023,eerste_E3,WE,eerste_E3_WE,3L,Quercus robur,NA
2023,eerste_E3,WE,eerste_E3_WE,3R,Quercus robur,NA
2023,eerste_E3,WE,eerste_E3_WE,4L,Quercus robur,NA
2023,eerste_E3,WE,eerste_E3_WE,4R,Quercus robur,NA
2023,eerste_E3,WE,eerste_E3_WE,5L,Quercus robur,NA
2023,eerste_E3,WE,eerste_E3_WE,5R,Quercus robur,NA
2023,eerste_E3,WE,eerste_E3_WE,6L,Quercus robur,NA
2023,eerste_E3,WE,eerste_E3_WE,6R,Quercus robur,NA
2023,eerste_E3,WE,eerste_E3_WE,7L,Quercus robur,NA
2023,eerste_E3,WE,eerste_E3_WE,7R,Quercus robur,NA
2023,eerste_E3,WE,eerste_E3_WE,8L,Quercus robur,NA
2023,eerste_E3,WE,eerste_E3_WE,8R,Quercus robur,NA
2023,eerste_E3,WE,eerste_E3_WE,9L,Quercus robur,NA
2023,eerste_E3,WE,eerste_E3_WE,9R,Quercus robur,NA
2023,eerste_E4,NS,eerste_E4_NS,0L,Pteridium aquilinum,NA
2023,eerste_E4,NS,eerste_E4_NS,0R,Phylica sp.,NA
2023,eerste_E4,NS,eerste_E4_NS,1L,Ursinia paleacea,NA
2023,eerste_E4,NS,eerste_E4_NS,1R,Pteridium aquilinum,NA
2023,eerste_E4,NS,eerste_E4_NS,2L,Cyclopia genistoides,NA
2023,eerste_E4,NS,eerste_E4_NS,2R,Pteridium aquilinum,NA
2023,eerste_E4,NS,eerste_E4_NS,3L,Danthonia sp.,NA
2023,eerste_E4,NS,eerste_E4_NS,3R,Pteridium aquilinum,NA
2023,eerste_E4,NS,eerste_E4_NS,4L,Danthonia sp.,NA
2023,eerste_E4,NS,eerste_E4_NS,4R,Ehrharta erecta,NA
2023,eerste_E4,NS,eerste_E4_NS,5L,Danthonia sp.,NA
2023,eerste_E4,NS,eerste_E4_NS,5R,Danthonia sp.,NA
2023,eerste_E4,NS,eerste_E4_NS,6L,Danthonia sp.,NA
2023,eerste_E4,NS,eerste_E4_NS,6R,Danthonia sp.,NA
2023,eerste_E4,NS,eerste_E4_NS,7L,Cyclopia genistoides,NA
2023,eerste_E4,NS,eerste_E4_NS,7R,Danthonia sp.,NA
2023,eerste_E4,NS,eerste_E4_NS,8L,Pteridium aquilinum,NA
2023,eerste_E4,NS,eerste_E4_NS,8R,Pteridium aquilinum,NA
2023,eerste_E4,NS,eerste_E4_NS,9L,Danthonia sp.,NA
2023,eerste_E4,NS,eerste_E4_NS,9R,Pteridium aquilinum,NA
2023,eerste_E4,NS,eerste_E4_NS,CL,Cliffortia cuneata,NA
2023,eerste_E4,NS,eerste_E4_NS,CR,Danthonia sp.,NA
2023,eerste_E4,WE,eerste_E4_WE,0L,Podalyria calyptrata,NA
2023,eerste_E4,WE,eerste_E4_WE,0R,Pteridium aquilinum,NA
2023,eerste_E4,WE,eerste_E4_WE,1L,Danthonia sp.,NA
2023,eerste_E4,WE,eerste_E4_WE,1R,Pteridium aquilinum,NA
2023,eerste_E4,WE,eerste_E4_WE,2L,Cyclopia genistoides,NA
2023,eerste_E4,WE,eerste_E4_WE,2R,Pteridium aquilinum,NA
2023,eerste_E4,WE,eerste_E4_WE,3L,Cyclopia genistoides,NA
2023,eerste_E4,WE,eerste_E4_WE,3R,Pteridium aquilinum,NA
2023,eerste_E4,WE,eerste_E4_WE,4L,(Trifoliate Plume- unidentified),NA
2023,eerste_E4,WE,eerste_E4_WE,4R,(Trifoliate Plume- unidentified),NA
2023,eerste_E4,WE,eerste_E4_WE,5L,Pteridium aquilinum,NA
2023,eerste_E4,WE,eerste_E4_WE,5R,Danthonia sp.,NA
2023,eerste_E4,WE,eerste_E4_WE,6L,Pteridium aquilinum,NA
2023,eerste_E4,WE,eerste_E4_WE,6R,Juncus bufonius,NA
2023,eerste_E4,WE,eerste_E4_WE,7L,Pteridium aquilinum,NA
2023,eerste_E4,WE,eerste_E4_WE,7R,Danthonia sp.,NA
2023,eerste_E4,WE,eerste_E4_WE,8L,Pteridium aquilinum,NA
2023,eerste_E4,WE,eerste_E4_WE,8R,Podalyria calyptrata,NA
2023,eerste_E4,WE,eerste_E4_WE,9L,Danthonia sp.,NA
2023,eerste_E4,WE,eerste_E4_WE,9R,Danthonia sp.,NA
